/**** Start of imports. If edited, may not auto-convert in the playground. ****/
var msk_z2 = 
    /* color: #d63000 */
    /* shown: false */
    ee.FeatureCollection(
        [ee.Feature(
            ee.Geometry.Polygon(
                [[[-61.41245275421301, -24.306433445636895],
                  [-61.41039386080662, -24.31894878339144],
                  [-61.456737457706964, -24.319578851165822],
                  [-61.47785211121919, -24.329275281917184],
                  [-61.49210346632202, -24.341472280249604],
                  [-61.48111722237818, -24.455904557573213],
                  [-61.43923241826238, -24.484652740924794],
                  [-61.395938580154606, -24.459650511566938],
                  [-61.340309063909835, -24.435255857374607],
                  [-61.27993314560014, -24.339595477176836],
                  [-61.32114479975729, -24.304560630680683],
                  [-61.339856036055814, -24.30815969503201],
                  [-61.36817639786036, -24.284220141215297],
                  [-61.386361623114134, -24.283904282001522]]]),
            {
              "msk": 1,
              "system:index": "0"
            })]),
    ba_z6 = 
    /* color: #d63000 */
    /* shown: false */
    ee.FeatureCollection(
        [ee.Feature(
            ee.Geometry.Polygon(
                [[[-64.16624296802941, -28.312291578208566],
                  [-64.13191069263878, -28.317127516015336],
                  [-64.10032499927941, -28.306246346720418],
                  [-64.08384550709191, -28.268758245442623],
                  [-64.08126923556398, -28.23942141200923],
                  [-64.07114256519736, -28.223392102568795],
                  [-64.06461943287316, -28.20100436619258],
                  [-64.05843988764636, -28.193136823154354],
                  [-64.07011259693566, -28.180427715118967],
                  [-64.06290329670765, -28.157725425213307],
                  [-64.07079924244346, -28.135629553673553],
                  [-64.06530581461084, -28.12805997923031],
                  [-64.06736601490441, -28.11382907695102],
                  [-64.06187285084191, -28.07869676430251],
                  [-64.08024253484838, -28.06961042597854],
                  [-64.10719145435752, -28.060520366955345],
                  [-64.11268635874114, -28.043553469404124],
                  [-64.10084123908398, -28.037871562641474],
                  [-64.10513281540045, -28.02855316912381],
                  [-64.10719145435752, -28.023855282224],
                  [-64.10787892528383, -28.019916785748084],
                  [-64.10667737164428, -28.016128913528085],
                  [-64.10847951925055, -28.01544735478847],
                  [-64.11985190260113, -28.01662190199804],
                  [-64.12519499611089, -28.01842090948008],
                  [-64.12443345466976, -28.024320938808454],
                  [-64.14427154514277, -28.021431171169333],
                  [-64.16006315845908, -28.01961223450029],
                  [-64.16847358231644, -28.02491627946863],
                  [-64.16649951962606, -28.033780572049448],
                  [-64.18461073536338, -28.03688645451684],
                  [-64.17173613209191, -28.066579507724967],
                  [-64.15113676685753, -28.092024167708608],
                  [-64.14839018482628, -28.135629553673553],
                  [-64.1485592380077, -28.140927328229026],
                  [-64.1467567935497, -28.14773873096325],
                  [-64.14263692050282, -28.15326321721418],
                  [-64.14203610568349, -28.15401997395553],
                  [-64.14289441256825, -28.15553347139113],
                  [-64.1418525838841, -28.156147229908925],
                  [-64.1435262823094, -28.158493095198747],
                  [-64.14142343044172, -28.160838909079317],
                  [-64.1418525838841, -28.162881995408664],
                  [-64.14039141140135, -28.163408730015203],
                  [-64.13979059658202, -28.164468087543217],
                  [-64.13648611507567, -28.16393841009001],
                  [-64.13416292309934, -28.164306537608198],
                  [-64.1332187855261, -28.167333220187654],
                  [-64.14334680676633, -28.16884652937383],
                  [-64.144548436405, -28.16960317594069],
                  [-64.15075201717742, -28.175462658112536],
                  [-64.18027777401336, -28.19785574575433],
                  [-64.16997809139617, -28.274682803832206]]]),
            {
              "msk": 1,
              "system:index": "0"
            })]),
    bc_z10 = 
    /* color: #98ff00 */
    /* shown: false */
    ee.FeatureCollection(
        [ee.Feature(
            ee.Geometry.Polygon(
                [[[-64.33159635184526, -28.459963436652494],
                  [-64.33115779402294, -28.459497712473173],
                  [-64.33063341284804, -28.4583528598189],
                  [-64.3300138105496, -28.458100540132943],
                  [-64.32946126371168, -28.45736952335947],
                  [-64.32869950665938, -28.457039380479728],
                  [-64.32820598548999, -28.45592633949296],
                  [-64.32713315604448, -28.45483216284961],
                  [-64.32627484915972, -28.453398380063383],
                  [-64.3251590477286, -28.453360650310763],
                  [-64.32490155814409, -28.45166272225531],
                  [-64.32438657401323, -28.45060622094469],
                  [-64.32421491263628, -28.44947424354097],
                  [-64.32275579093218, -28.449549709078212],
                  [-64.32254121033691, -28.448606383245437],
                  [-64.32215497611284, -28.447738521320787],
                  [-64.32018087027788, -28.448040388101177],
                  [-64.31837842581987, -28.44841772036496],
                  [-64.31588933585405, -28.44819132116825],
                  [-64.3131427538228, -28.4468329158098],
                  [-64.31211278556108, -28.445021681524008],
                  [-64.31159780143022, -28.442908535654947],
                  [-64.30928037284136, -28.43913495588861],
                  [-64.30490300772905, -28.434681958635412],
                  [-64.3047313463521, -28.432266695296917],
                  [-64.30318639395952, -28.429549458148635],
                  [-64.30249974845171, -28.42637925996822],
                  [-64.29837987540483, -28.42773792795821],
                  [-64.29615389345088, -28.425882603621496],
                  [-64.29427132384122, -28.42312145779043],
                  [-64.29359616067755, -28.420618497424226],
                  [-64.29190265701118, -28.417726172303194],
                  [-64.28920260809289, -28.413451289008055],
                  [-64.28689264154438, -28.412148507174784],
                  [-64.28433286603884, -28.41165662492228],
                  [-64.28196015350528, -28.410672798523645],
                  [-64.2799616163416, -28.409007110044783],
                  [-64.27802491186834, -28.40627974879801],
                  [-64.2768983847139, -28.40444887324959],
                  [-64.27670547733389, -28.4025992147524],
                  [-64.27631993621614, -28.40041006298228],
                  [-64.27653526986033, -28.39867364090281],
                  [-64.28087041495561, -28.39754119446349],
                  [-64.3131427538228, -28.42335993533017],
                  [-64.33168218253374, -28.444644337143686],
                  [-64.3373470079732, -28.457020530667098]]]),
            {
              "msk": 1,
              "system:index": "0"
            })]),
    z12 = 
    /* color: #d63000 */
    /* shown: false */
    ee.FeatureCollection(
        [ee.Feature(
            ee.Geometry.Polygon(
                [[[-63.176189628597015, -30.578982607058073],
                  [-63.261333671565765, -31.311575039913205],
                  [-62.983928886409515, -31.332691648646662],
                  [-62.887798515315765, -30.796282468007004],
                  [-63.151470390315765, -30.550603120449782]]]),
            {
              "msk": 1,
              "system:index": "0"
            })]),
    msk_z8 = 
    /* color: #d63000 */
    /* shown: false */
    ee.FeatureCollection(
        [ee.Feature(
            ee.Geometry.Polygon(
                [[[-59.582193131614765, -29.148121401778894],
                  [-59.626138444114765, -29.232043829205836],
                  [-59.667337174583515, -29.318292331995927],
                  [-59.714029069114765, -29.452311817941037],
                  [-59.738748307396015, -29.624362754728054],
                  [-59.768269693021615, -29.70845746463043],
                  [-59.776682062976896, -29.72426943806278],
                  [-59.77479719655617, -29.78360634736666],
                  [-59.78355124964837, -29.827382854342872],
                  [-59.786725722227494, -29.845106245060226],
                  [-59.79106034968772, -29.85903086290944],
                  [-59.80421456548484, -29.869864044779405],
                  [-59.813935990501484, -29.888139998800114],
                  [-59.812986434826136, -29.926135619746454],
                  [-59.82302681360388, -29.96710653535308],
                  [-59.83015201532941, -30.0040637044161],
                  [-59.8412695579768, -30.02343382471366],
                  [-59.843118424583515, -30.042208926179246],
                  [-59.86781874745962, -30.117790755513766],
                  [-59.88498960334071, -30.15468935464603],
                  [-59.90181877436966, -30.17343510090277],
                  [-59.92757582204445, -30.188323158489602],
                  [-59.95160737591746, -30.23918642758324],
                  [-59.971524186068386, -30.284486196636852],
                  [-59.96637129323586, -30.349332090473997],
                  [-59.9586660600812, -30.372137879878668],
                  [-59.93959211843117, -30.389617068727645],
                  [-59.9415033985583, -30.444066423987923],
                  [-59.91841884414473, -30.4928962954452],
                  [-59.89496016042336, -30.556208242607138],
                  [-59.9522950603257, -30.664058929709213],
                  [-59.980091093739404, -30.742252399063133],
                  [-59.983194108177265, -30.82752576811693],
                  [-59.944741959739765, -30.957157099802384],
                  [-59.999673600364765, -31.03249814641832],
                  [-59.889810319114765, -31.05838288040684],
                  [-59.812906022239765, -30.95244630882706],
                  [-59.714029069114765, -30.839317683360836],
                  [-59.645364518333515, -30.711888396159022],
                  [-59.61101005100796, -30.663442842407182],
                  [-59.5859478206601, -30.647049004110638],
                  [-59.592475670291265, -30.61765784853609],
                  [-59.59282688986725, -30.59624353108622],
                  [-59.575493273837196, -30.589674730317977],
                  [-59.574037522417406, -30.570429566806865],
                  [-59.58184980886086, -30.559460292048843],
                  [-59.58751471890316, -30.526331616976467],
                  [-59.57626999894019, -30.491429291357676],
                  [-59.57601332204445, -30.463035156469505],
                  [-59.58786958276965, -30.43474205145164],
                  [-59.58109189524139, -30.41911698350157],
                  [-59.58094223860509, -30.412324094627923],
                  [-59.573142802217156, -30.41055627202152],
                  [-59.57255374073335, -30.398424940962364],
                  [-59.57328300468663, -30.383952230211992],
                  [-59.5644404749711, -30.377519387921854],
                  [-59.55429194562721, -30.367581043083877],
                  [-59.546205233806695, -30.35734584633685],
                  [-59.558776186555555, -30.345158029243656],
                  [-59.557612739558174, -30.331784814106854],
                  [-59.5614642690175, -30.320446528113948],
                  [-59.56470535128115, -30.309550945358023],
                  [-59.565123888522095, -30.293135484972918],
                  [-59.568975205589375, -30.290355792499728],
                  [-59.57451286571309, -30.268017540843488],
                  [-59.57181013470199, -30.24567927392133],
                  [-59.57047934038387, -30.168457008275563],
                  [-59.569470460288805, -30.15062924471259],
                  [-59.558666332286016, -30.12241681341337],
                  [-59.54442762868508, -30.097175605533806],
                  [-59.54131857965275, -30.046244357627316],
                  [-59.5387400051211, -30.01217123292455],
                  [-59.520631566239985, -29.986518958729192],
                  [-59.5033440543911, -29.946926708507842],
                  [-59.49464582936867, -29.883829195671463],
                  [-59.469822735393194, -29.84176353122389],
                  [-59.46115165186052, -29.820837808228514],
                  [-59.440400834251484, -29.768861003597085],
                  [-59.44590125845495, -29.715490259511622],
                  [-59.454998422045804, -29.69432125402216],
                  [-59.45928358571633, -29.683592098609587],
                  [-59.465068425758695, -29.66506961933877],
                  [-59.47222283268189, -29.625663019470228],
                  [-59.461914020020544, -29.61609715611264],
                  [-59.46568705999673, -29.600568628188338],
                  [-59.46122046066414, -29.58504009936265],
                  [-59.460011675005084, -29.56308719037158],
                  [-59.45125192582015, -29.54173134759044],
                  [-59.44318795931798, -29.52964219826909],
                  [-59.426112621731605, -29.51822155724524],
                  [-59.41586226435323, -29.489204800557626],
                  [-59.41657591353362, -29.469615764393335],
                  [-59.394631890299074, -29.46138669119285],
                  [-59.37426425840664, -29.459494482635836],
                  [-59.37037978559319, -29.430695479497906],
                  [-59.3729147545609, -29.397307612171552],
                  [-59.371177492452034, -29.3768735301801],
                  [-59.38403161931941, -29.370349650277735],
                  [-59.387540318451364, -29.358410569887642],
                  [-59.3850409223576, -29.34587255369767],
                  [-59.37609246158814, -29.33037233346551],
                  [-59.36785271549439, -29.298041502317147],
                  [-59.347244470428166, -29.26689187562269],
                  [-59.333169740516574, -29.239484655753923],
                  [-59.32596310585223, -29.23117339165505],
                  [-59.31549599552368, -29.215072110624813],
                  [-59.303205697391974, -29.187632290541295],
                  [-59.28814071599841, -29.151131314774574],
                  [-59.27203112222253, -29.140679433424054],
                  [-59.25058912604593, -29.10336194650721],
                  [-59.25283959293579, -29.084341516111028],
                  [-59.2210726948937, -29.046974375606798],
                  [-59.20580437565064, -29.000598733230788],
                  [-59.14263298893189, -28.810650892721767],
                  [-59.09044793033814, -28.66374483566496],
                  [-59.06709864680387, -28.667958968645983],
                  [-59.05954701568257, -28.64897657777919],
                  [-59.06572869205689, -28.607094822275418],
                  [-59.06092042724229, -28.56456947855957],
                  [-59.06572520082792, -28.52928080491624],
                  [-59.04238274479126, -28.476804579203097],
                  [-59.00876992343413, -28.44713944804976],
                  [-58.97137992699356, -28.353800047838167],
                  [-58.941693294019, -28.285384597506294],
                  [-58.92702629947876, -28.235101811335245],
                  [-58.92290642643189, -28.19395768154314],
                  [-58.91329338932251, -28.14189976995131],
                  [-58.86248162174439, -28.05225249119284],
                  [-58.82402947330689, -27.838737093117384],
                  [-58.83501580143189, -27.65643133298043],
                  [-58.88170769596314, -27.60533109830761],
                  [-58.89766193374385, -27.535535131822638],
                  [-58.97995468262472, -27.528270477037942],
                  [-59.03557680138103, -27.46980842963065],
                  [-59.059260205421666, -27.492039714316746],
                  [-59.08569809082785, -27.504520598508424],
                  [-59.12552353028097, -27.547753725610598],
                  [-59.14749618653097, -27.636602176962626],
                  [-59.15161605957785, -27.668229430532556],
                  [-59.17908187989035, -27.692551860625315],
                  [-59.1818284619216, -27.738749549023773],
                  [-59.21616073731222, -27.785231395733774],
                  [-59.23572932152199, -27.796923211088757],
                  [-59.2257737744216, -27.82197748578584],
                  [-59.221661684542674, -27.847482422838453],
                  [-59.2532395947341, -27.865085139089857],
                  [-59.2494777104225, -27.88359542076702],
                  [-59.209140777976714, -27.893155436146237],
                  [-59.17214280327824, -27.914316160585887],
                  [-59.1763352978591, -27.947609669733374],
                  [-59.185846291280335, -27.99980359265013],
                  [-59.188592873311585, -28.027688545749434],
                  [-59.188592873311585, -28.056778187723264],
                  [-59.210565529561585, -28.11856754096013],
                  [-59.218805275655335, -28.163372839392643],
                  [-59.210565529561585, -28.185163233085714],
                  [-59.205072365499085, -28.231150592226655],
                  [-59.22292514870221, -28.250507765867003],
                  [-59.24215122292096, -28.28679299557227],
                  [-59.23665805885846, -28.314603300373886],
                  [-59.216058693624085, -28.361743284729148],
                  [-59.221229516695885, -28.412503397237273],
                  [-59.259681665133385, -28.45839254279708],
                  [-59.287147485445885, -28.530808538664512],
                  [-59.35443874521151, -28.650186183498906],
                  [-59.38190456552401, -28.71765284861557],
                  [-59.410743676852135, -28.77424308625971],
                  [-59.44507595224276, -28.823583985877214],
                  [-59.462928735445885, -28.85245562095321],
                  [-59.46430202646151, -28.882521719693663],
                  [-59.46704860849276, -28.917387493589896],
                  [-59.479408227633385, -28.94863650230124],
                  [-59.484901391695885, -28.981077420825848],
                  [-59.506117545428836, -29.009258431741348],
                  [-59.51607390529212, -29.0221683727477],
                  [-59.52740355617102, -29.035677048101824],
                  [-59.529120169940555, -29.047383136799],
                  [-59.53392668849524, -29.058787791865385],
                  [-59.5370165932804, -29.073191869148328]]]),
            {
              "msk": 1,
              "system:index": "0"
            }),
        ee.Feature(
            ee.Geometry.Polygon(
                [[[-59.46035529299393, -29.82695571509127],
                  [-59.469968330103306, -29.847951462843316],
                  [-59.46018363161698, -29.848100353094846],
                  [-59.456750404077916, -29.848398132931845],
                  [-59.45108557863846, -29.85092922568993],
                  [-59.445764075952916, -29.844229134401687],
                  [-59.44164420290604, -29.84154897200947],
                  [-59.43100119753495, -29.840953370599177],
                  [-59.42739630861893, -29.844526925783146],
                  [-59.42293311281815, -29.84318685757369],
                  [-59.41366339846268, -29.84020886384169],
                  [-59.41023017092362, -29.835890615214307],
                  [-59.40473700686112, -29.832167837262745],
                  [-59.399072181421666, -29.82844492059591],
                  [-59.395123969751744, -29.828147081270387],
                  [-59.39375067873612, -29.82576433470922],
                  [-59.39100409670487, -29.824126163493812],
                  [-59.38654090090409, -29.82472186522436],
                  [-59.381391059595494, -29.823679384865866],
                  [-59.37727118654862, -29.823679384865866],
                  [-59.373837959009556, -29.823381531337716],
                  [-59.363881599146275, -29.820849740511296],
                  [-59.36182166262284, -29.81876468815036],
                  [-59.35753012819901, -29.81772214566134],
                  [-59.35444022341385, -29.816083842641216],
                  [-59.3458571545662, -29.818168950916498],
                  [-59.34002066774979, -29.817871080968278],
                  [-59.33675910158768, -29.816679592300233],
                  [-59.332639228540806, -29.815488089432247],
                  [-59.33126593752518, -29.81221138332965],
                  [-59.32800437136307, -29.811168772505756],
                  [-59.32697440310135, -29.8096793096145],
                  [-59.32336951418534, -29.809381414374126],
                  [-59.32079459353104, -29.806104508165078],
                  [-59.31736136599198, -29.806104508165078],
                  [-59.316674720484166, -29.804614969850167],
                  [-59.3077483288826, -29.79969933603374],
                  [-59.303971778589634, -29.797911772941262],
                  [-59.301225196558384, -29.795081399395134],
                  [-59.29435874148026, -29.793442725485594],
                  [-59.28817893190995, -29.78867552153879],
                  [-59.2857756726326, -29.785099969563483],
                  [-59.28268576784745, -29.784950985459485],
                  [-59.27959586306229, -29.78629183441315],
                  [-59.2744460217537, -29.785099969563483],
                  [-59.272729407984166, -29.783908090523052],
                  [-59.26792288942948, -29.783908090523052],
                  [-59.2638030163826, -29.78301417193024],
                  [-59.258996497827916, -29.781375300445916],
                  [-59.254533302027134, -29.77824647129896],
                  [-59.25144339724198, -29.774819546243958],
                  [-59.24766684694901, -29.77228652626506],
                  [-59.244061958032994, -29.772435529213706],
                  [-59.24543524904862, -29.7699024489398],
                  [-59.243031989771275, -29.767518314869154],
                  [-59.23736716433182, -29.767965344329674],
                  [-59.23410559816971, -29.766475238370194],
                  [-59.226552497583775, -29.761110673398036],
                  [-59.222775947290806, -29.757385112067873],
                  [-59.21367789431229, -29.755298737224233],
                  [-59.20972968264237, -29.75321231894794],
                  [-59.204311481554555, -29.74620759710237],
                  [-59.19469844444518, -29.74307766957355],
                  [-59.176330677111196, -29.733836361157948],
                  [-59.1682625923944, -29.73234574779925],
                  [-59.159851184923696, -29.729662587938428],
                  [-59.15298472984557, -29.724445127235942],
                  [-59.1492081795526, -29.72116544165485],
                  [-59.14680492027526, -29.716842055999138],
                  [-59.140625110704946, -29.715024625033625],
                  [-59.13856517418151, -29.710253690112342],
                  [-59.13478862388854, -29.70563163072005],
                  [-59.13358699424987, -29.700114700707317],
                  [-59.12551890953307, -29.693851872404966],
                  [-59.11985408409362, -29.688930804859254],
                  [-59.12054072960143, -29.684158630428268],
                  [-59.119167438585805, -29.67998279193322],
                  [-59.11521922691588, -29.675061045304265],
                  [-59.1107560311151, -29.668349184376588],
                  [-59.10354625328307, -29.663874361573065],
                  [-59.087925067980336, -29.66059269833584],
                  [-59.08054362877135, -29.655371649851684],
                  [-59.07608043297057, -29.650001145938738],
                  [-59.07007228477721, -29.64716659778388],
                  [-59.066467395861196, -29.641944852772042],
                  [-59.06269084556823, -29.635678401278685],
                  [-59.06028758629088, -29.630456060502635],
                  [-59.06088132899664, -29.62798308371074],
                  [-59.06500120204352, -29.62798308371074],
                  [-59.06877775233649, -29.62962446028194],
                  [-59.07564420741461, -29.63037053170081],
                  [-59.07839078944586, -29.63245950227717],
                  [-59.080794048723206, -29.636338904122905],
                  [-59.08251066249274, -29.639770558116645],
                  [-59.08422727626227, -29.641262545116593],
                  [-59.09002884056176, -29.64672456792599],
                  [-59.09603698875512, -29.649111571634243],
                  [-59.09912689354027, -29.648514826013717],
                  [-59.10650833274926, -29.65239360930854],
                  [-59.11371811058129, -29.65776398555405],
                  [-59.11766632225121, -29.65776398555405],
                  [-59.12144287254418, -29.659554047279677],
                  [-59.12384613182152, -29.662089913541983],
                  [-59.127279359360585, -29.66731061340231],
                  [-59.132772523423085, -29.67506658141806],
                  [-59.13946731712426, -29.681330580421793],
                  [-59.144788819809804, -29.68565549480947],
                  [-59.14358719017113, -29.692217078503568],
                  [-59.15371521141137, -29.70086578419116],
                  [-59.153028565903554, -29.706084470493305],
                  [-59.16212661888207, -29.712793811553333],
                  [-59.16744812156762, -29.71458289345264],
                  [-59.17088347661415, -29.71741554125432],
                  [-59.17843657720009, -29.717564625766546],
                  [-59.18564635503212, -29.719353622641997],
                  [-59.18959456670204, -29.72613661279173],
                  [-59.194400985788754, -29.726956505806292],
                  [-59.19628936040321, -29.732173833734056],
                  [-59.201267540334854, -29.730981325056195],
                  [-59.205215752004776, -29.733366328236535],
                  [-59.216202080129776, -29.740670047733357],
                  [-59.21768263765502, -29.741545706856964],
                  [-59.219409983970955, -29.742542463103362],
                  [-59.21890574681679, -29.74391183441628],
                  [-59.220858340497266, -29.7447168161268],
                  [-59.22212433125514, -29.746565084056677],
                  [-59.22530013310829, -29.748361282813764],
                  [-59.227318498943035, -29.748267032902255],
                  [-59.229165182529506, -29.747278520234904],
                  [-59.23174273316805, -29.747164438918738],
                  [-59.23389379202221, -29.748203050032874],
                  [-59.23467694105811, -29.7501311853745],
                  [-59.233067589776574, -29.752720670893787],
                  [-59.23388300677354, -29.753503071345403],
                  [-59.23602882496551, -29.75432271761405],
                  [-59.23834639775673, -29.755142311584958],
                  [-59.242573330504925, -29.75647894865098],
                  [-59.24731544579613, -29.75952924908925],
                  [-59.247100931474584, -29.762574859190558],
                  [-59.248903572439346, -29.76263071685667],
                  [-59.251864613744516, -29.764530702028676],
                  [-59.25328080478431, -29.76698946586251],
                  [-59.25520259362646, -29.766608805854165],
                  [-59.25618024465977, -29.766973186179758],
                  [-59.257200820575285, -29.767374811275193],
                  [-59.25736309742744, -29.76829796934213],
                  [-59.25672473434668, -29.76904766884665],
                  [-59.25673548808103, -29.769988287187555],
                  [-59.258816949331326, -29.769485368031145],
                  [-59.25922468591796, -29.768200124282135],
                  [-59.25997573125282, -29.767063887091084],
                  [-59.261123754600966, -29.765908981007737],
                  [-59.26278672549358, -29.76445603475156],
                  [-59.265254419383766, -29.764456066863787],
                  [-59.26744313237505, -29.763860090890088],
                  [-59.26873061105684, -29.76475430212959],
                  [-59.2715121376702, -29.766092925995864],
                  [-59.27171871069688, -29.762737786913707],
                  [-59.27346217364022, -29.762956675189155],
                  [-59.27604774160003, -29.76250033521408],
                  [-59.277613937734756, -29.763077768126408],
                  [-59.28141189103977, -29.765033619841784],
                  [-59.28297835116832, -29.76698941744608],
                  [-59.28417998540321, -29.767883443295922],
                  [-59.29619628178993, -29.77131060568651],
                  [-59.30374938237587, -29.77458865129107],
                  [-59.30769759404579, -29.77965451072609],
                  [-59.31997138249794, -29.785763000345863],
                  [-59.32623702275673, -29.79008341428819],
                  [-59.33052852971155, -29.790530391499388],
                  [-59.33361846196571, -29.79157316895826],
                  [-59.3398841022245, -29.795967816029354],
                  [-59.34426146733681, -29.800064347106314],
                  [-59.34838134038368, -29.79887264627452],
                  [-59.35524779546181, -29.800064347106314],
                  [-59.36159926640907, -29.80334145119913],
                  [-59.36940978441573, -29.803713983260725],
                  [-59.37413054692665, -29.805724732199337],
                  [-59.377343812280046, -29.804469542006732],
                  [-59.38296029184611, -29.804703751118037],
                  [-59.38725182626994, -29.808427552007306],
                  [-59.39017006967814, -29.810810711814664],
                  [-59.41025445078166, -29.812300157854253],
                  [-59.41420266245158, -29.814683225371606],
                  [-59.416090937598064, -29.820342783086627],
                  [-59.421069117529704, -29.820491714489265],
                  [-59.42518899057658, -29.824512778483193],
                  [-59.43514535043986, -29.829576110427592],
                  [-59.43557450388224, -29.826895554884228],
                  [-59.45334145639689, -29.827342319134786],
                  [-59.45780465219767, -29.826002020391307]]]),
            {
              "msk": 1,
              "system:index": "1"
            }),
        ee.Feature(
            ee.Geometry.Polygon(
                [[[-58.128522906642054, -28.78240943911351],
                  [-58.134016070704554, -28.743886260456858],
                  [-58.123029742579554, -28.710166820774184],
                  [-58.070844683985804, -28.729436403881657],
                  [-58.004926715235804, -28.76314962699459],
                  [-57.941755328517054, -28.75833411852751],
                  [-57.873090777735804, -28.72702790019852],
                  [-57.796186480860804, -28.714984549444633],
                  [-57.735761676173304, -28.70293981173347],
                  [-57.601179156642054, -28.671617005399114],
                  [-57.554487262110804, -28.652336776187592],
                  [-57.466596637110804, -28.60653202435716],
                  [-57.414411578517054, -28.608943299042796],
                  [-57.312788043360804, -28.60412069432779],
                  [-57.257856402735804, -28.55588247618113],
                  [-57.183698687892054, -28.52692892987511],
                  [-57.0512375532521, -28.47569152574048],
                  [-56.92764136184585, -28.38149192640811],
                  [-56.82327124465835, -28.31622774813493],
                  [-56.7710861860646, -28.241245379697084],
                  [-56.7546066938771, -28.171052831983225],
                  [-56.72988745559585, -28.1589460088756],
                  [-56.7106613813771, -28.105659722729623],
                  [-56.6722092329396, -28.059618436794366],
                  [-56.62551733840835, -28.020831523845132],
                  [-56.59805151809585, -27.977179538779353],
                  [-56.55059804861516, -27.935263603656953],
                  [-56.53137197439641, -27.87458299919887],
                  [-56.49841299002141, -27.821155933134488],
                  [-56.53411855642766, -27.728810884061883],
                  [-56.59179677908391, -27.643686956267615],
                  [-56.82250966970891, -27.687473264397337],
                  [-56.8115587024715, -27.751126958273574],
                  [-56.84726426887775, -27.783936003856912],
                  [-56.817051866534, -27.83009493152203],
                  [-56.815678575518376, -27.88473143975325],
                  [-56.840397813799626, -27.93691391475553],
                  [-56.906315782549626, -27.92235389629529],
                  [-56.900822618487126, -27.889586685300745],
                  [-56.8884629993465, -27.868950388278442],
                  [-56.89120958137775, -27.851952839029835],
                  [-56.906315782549626, -27.834952624883744],
                  [-56.88571641731525, -27.777861001032985],
                  [-56.881596544268376, -27.752342284485962],
                  [-56.937901475909, -27.75963395690065],
                  [-56.9653672962215, -27.76814029077112],
                  [-56.950261095049626, -27.82280798380722],
                  [-56.97360704231525, -27.842238757191147],
                  [-56.985966661455876, -27.871378391994153],
                  [-56.9873399524715, -27.92963415071264],
                  [-56.991459825518376, -27.984220422326796],
                  [-57.054631212237126, -28.018171276668472],
                  [-57.057377794268376, -27.97330537639809],
                  [-57.038151720049626, -27.92720745372206],
                  [-57.02304551887775, -27.893227976572593],
                  [-57.040898302080876, -27.868950388278442],
                  [-57.0642442493465, -27.861666050697895],
                  [-57.09445665169025, -27.88108986271756],
                  [-57.0752305774715, -27.893227976572593],
                  [-57.0642442493465, -27.893227976572593],
                  [-57.05600450325275, -27.883517594347847],
                  [-57.038151720049626, -27.889586685300745],
                  [-57.058751085284, -27.932060793217154],
                  [-57.11642930794025, -27.98785852548017],
                  [-57.23727891731525, -28.046051473109614],
                  [-57.321049669268376, -28.088463993605117],
                  [-57.199467305636844, -28.199886340735706],
                  [-57.314506972075655, -28.287068038166996],
                  [-57.435236105054734, -28.35957756092084],
                  [-57.54777183016043, -28.407843020753596],
                  [-57.57377912296348, -28.366709907212265],
                  [-57.535964528498575, -28.35159722736934],
                  [-57.491666650505955, -28.33225515728683],
                  [-57.42764892766108, -28.249125592176092],
                  [-57.29402175623793, -28.173669613132887],
                  [-57.35353035442087, -28.109314346731875],
                  [-57.50644395637775, -28.19502715539326],
                  [-57.5476426868465, -28.27004202703689],
                  [-57.64926622200275, -28.394546789786713],
                  [-57.702824571612126, -28.499597217997195],
                  [-57.793461778643376, -28.52131875414422],
                  [-57.8332872180965, -28.51528544281368],
                  [-58.0530137805965, -28.590074090630992],
                  [-58.146397569659, -28.641912419026404],
                  [-58.21506212044025, -28.687701725359325],
                  [-58.16013047981525, -28.71420217673249],
                  [-58.1518907337215, -28.76236761485445]]]),
            {
              "msk": 1,
              "system:index": "2"
            })]),
    msk_z5 = 
    /* color: #15d6cc */
    /* shown: false */
    ee.FeatureCollection(
        [ee.Feature(
            ee.Geometry.Polygon(
                [[[-58.90658496076474, -27.020393201340717],
                  [-58.89559863263974, -27.020393201340717],
                  [-58.68960498029599, -26.810999213562535],
                  [-58.633300048655364, -26.734982768462196],
                  [-58.57699511701474, -26.64050448774823],
                  [-58.50009082013974, -26.55209039353387],
                  [-58.344908935374114, -26.418111495930706],
                  [-58.33502448122338, -26.396200138097942],
                  [-58.54788458864525, -26.268197536952247],
                  [-58.53827155153588, -26.296517989854838],
                  [-58.54615312002243, -26.32177234123132],
                  [-58.51851287639718, -26.346705856898023],
                  [-58.51980232234703, -26.3837830290807],
                  [-58.51926958752828, -26.3965863569736],
                  [-58.53590417546436, -26.400778308809354],
                  [-58.54542898969481, -26.414319235406605],
                  [-58.55083479566407, -26.420786206977393],
                  [-58.583957820930266, -26.40173763979604],
                  [-58.61997089258014, -26.361784448883434],
                  [-58.73465216677025, -26.323600647593086],
                  [-58.80604567160022, -26.345948232212052],
                  [-58.84314215700463, -26.419569926362996],
                  [-58.85687506716088, -26.50931504374299],
                  [-58.79507697145775, -26.533890527387776],
                  [-58.71679938356713, -26.59530620693596],
                  [-58.67972052614525, -26.626001696875168],
                  [-58.67422736208275, -26.668961534711503],
                  [-58.70306647341088, -26.695956584846954],
                  [-58.73327887575463, -26.70086408892701],
                  [-58.74975836794213, -26.714358634999737],
                  [-58.76898444216088, -26.713131924163374],
                  [-58.78271735231713, -26.72662501632886],
                  [-58.79919684450463, -26.7487011705594],
                  [-58.82116950075463, -26.792840617704478],
                  [-58.85962164919213, -26.82838491268118],
                  [-58.88296759645775, -26.855342113914723],
                  [-58.88846076052025, -26.874943318672674],
                  [-58.90631354372338, -26.889641992586753],
                  [-58.92004645387963, -26.908012646242167],
                  [-58.92279303591088, -26.972898342761788]]]),
            {
              "msk": 1,
              "system:index": "0"
            })]),
    msk_z3 = 
    /* color: #bf5ed6 */
    /* shown: false */
    ee.FeatureCollection(
        [ee.Feature(
            ee.Geometry.Polygon(
                [[[-58.60627091170979, -26.590937184602563],
                  [-58.727358543457605, -26.7452700456584],
                  [-58.80288954931698, -26.88621513176117],
                  [-58.79464980322323, -26.90703561176439],
                  [-58.77817031103573, -26.910709415680046],
                  [-58.765810691895105, -26.90581098389223],
                  [-58.746584617676355, -26.92417900704974],
                  [-58.68203993994198, -26.940095541902902],
                  [-58.579043113770105, -26.98416037149081],
                  [-58.546084129395105, -26.96213011159862],
                  [-58.59689589697323, -26.893563974685854],
                  [-58.570803367676355, -26.84823849810845],
                  [-58.55020400244198, -26.79308844988554],
                  [-58.579043113770105, -26.7501754237628],
                  [-58.507631980957605, -26.725646417009624],
                  [-58.48703261572323, -26.685161995334507],
                  [-58.49527236181698, -26.617656004420006],
                  [-58.52823134619198, -26.555023901254177]]]),
            {
              "msk": 3,
              "system:index": "0"
            })]),
    msk_z3_pz = 
    /* color: #0b4a8b */
    /* shown: false */
    ee.FeatureCollection(
        [ee.Feature(
            ee.Geometry.Polygon(
                [[[-58.39409543937308, -26.376391454965173],
                  [-58.36388303702933, -26.39607496830959],
                  [-58.36937620109183, -26.407760466789078],
                  [-58.408514995037145, -26.431742782206566],
                  [-58.460700053630895, -26.47416080913776],
                  [-58.45589353507621, -26.490140359040566],
                  [-58.435980815349645, -26.487682111268807],
                  [-58.42362119620902, -26.495671224343567],
                  [-58.40164853995902, -26.487682111268807],
                  [-58.39615537589652, -26.47477544826339],
                  [-58.348090190349645, -26.437276454313537],
                  [-58.34122373527152, -26.416370076901114],
                  [-58.33573057120902, -26.408990450429762],
                  [-58.337103862224645, -26.40161035191651],
                  [-58.35015012687308, -26.389924230771385],
                  [-58.35495664542777, -26.38438828685215],
                  [-58.35495664542777, -26.367163653457126],
                  [-58.35976316398246, -26.349321148278264],
                  [-58.375556010662145, -26.33762973857635],
                  [-58.394782084880895, -26.336398995155353],
                  [-58.40439512199027, -26.33886046890989],
                  [-58.40988828605277, -26.346244576050484],
                  [-58.408514995037145, -26.35608931915628],
                  [-58.41057493156058, -26.362241858060035]]]),
            {
              "msk": 1,
              "system:index": "0"
            }),
        ee.Feature(
            ee.Geometry.Polygon(
                [[[-58.72058484071953, -26.77387852760931],
                  [-58.719383402062206, -26.77893610377476],
                  [-58.718138874096844, -26.78318882892261],
                  [-58.71485578888267, -26.78454889291385],
                  [-58.71218428796673, -26.782087362693506],
                  [-58.71105781154812, -26.780238793129477],
                  [-58.71024230039923, -26.77790164846063],
                  [-58.70832182928825, -26.777470613622363],
                  [-58.706916341466965, -26.77795907510478],
                  [-58.70307538027032, -26.778476167957486],
                  [-58.69981368437417, -26.77165612284228],
                  [-58.698268861715626, -26.766215380022373],
                  [-58.69687411775473, -26.767336178322623],
                  [-58.694277718237785, -26.767690614333247],
                  [-58.69286146531659, -26.76747986363939],
                  [-58.693290597713705, -26.764299534233462],
                  [-58.69071576112969, -26.761157419394408],
                  [-58.69054409975273, -26.7575554010672],
                  [-58.691295238589575, -26.75395313576883],
                  [-58.69256129762168, -26.750350863333612],
                  [-58.69511472585447, -26.747361732908423],
                  [-58.69663807863457, -26.74437257333777],
                  [-58.693119020407025, -26.73647747374356],
                  [-58.71852490419609, -26.75456640556001]]]),
            {
              "msk": 1,
              "system:index": "1"
            })]),
    msk_z5_pz = 
    /* color: #d63000 */
    /* shown: false */
    ee.FeatureCollection(
        [ee.Feature(
            ee.Geometry.Polygon(
                [[[-59.12523879588383, -25.65002377860636],
                  [-59.16403426707524, -25.624488123044713],
                  [-59.170557399399456, -25.62402378784842],
                  [-59.17435406626004, -25.632226777239968],
                  [-59.160449494726834, -25.638726859227265],
                  [-59.15701626718777, -25.647083587462],
                  [-59.14980648935574, -25.647083587462],
                  [-59.145686616308865, -25.646774089443074],
                  [-59.14362667978543, -25.64259578762714],
                  [-59.137961854345974, -25.656987100206127],
                  [-59.13212536752957, -25.650642756984126],
                  [-59.12800549448269, -25.652809156018506],
                  [-59.12680386484402, -25.651261732150793]]]),
            {
              "msk": 1,
              "system:index": "0"
            }),
        ee.Feature(
            ee.Geometry.Polygon(
                [[[-59.20210097810127, -25.60224754156031],
                  [-59.21531890412666, -25.591720208786246],
                  [-59.23300002595283, -25.582895113097685],
                  [-59.2393514969001, -25.587849632918147],
                  [-59.24158309480049, -25.600389844287168],
                  [-59.234716639722365, -25.60503403335556],
                  [-59.22563870331146, -25.606582056291955],
                  [-59.219802216495054, -25.611999978711918],
                  [-59.21018917938568, -25.611845184336428],
                  [-59.20761425873138, -25.608904053112514],
                  [-59.202807740176695, -25.60410520997266]]]),
            {
              "msk": 1,
              "system:index": "1"
            }),
        ee.Feature(
            ee.Geometry.Polygon(
                [[[-59.258740276581776, -25.572985458122893],
                  [-59.25891193795873, -25.578714577448473],
                  [-59.256508678681385, -25.579024251763276],
                  [-59.256508678681385, -25.581656451091337],
                  [-59.259255260712635, -25.582895113097685],
                  [-59.2571953241892, -25.587694807278904],
                  [-59.251530498749744, -25.587075502718523],
                  [-59.2462089960642, -25.581346783586657],
                  [-59.24414905954076, -25.577166193857213],
                  [-59.25015720773412, -25.572830613254943]]]),
            {
              "msk": 1,
              "system:index": "2"
            }),
        ee.Feature(
            ee.Geometry.Polygon(
                [[[-59.44051134820965, -25.47752313303911],
                  [-59.44136965509441, -25.478917837060784],
                  [-59.43991053339031, -25.48178467785471],
                  [-59.44291460748699, -25.48023504267104],
                  [-59.44995272394207, -25.477910552445653],
                  [-59.452527644596366, -25.481552233850486],
                  [-59.452527644596366, -25.48759563189029],
                  [-59.45012438531902, -25.488990219057477],
                  [-59.44394457574871, -25.48767310937966],
                  [-59.44136965509441, -25.48961003038191],
                  [-59.437593104801444, -25.492399141783125],
                  [-59.43347323175457, -25.488215450406845],
                  [-59.428580882511405, -25.488912742417174],
                  [-59.4267784380534, -25.49348377873445],
                  [-59.42411768671062, -25.491546920167405],
                  [-59.4242035173991, -25.490074886777453],
                  [-59.439309718570975, -25.477135712384325]]]),
            {
              "msk": 1,
              "system:index": "3"
            }),
        ee.Feature(
            ee.Geometry.Polygon(
                [[[-59.40944727113862, -25.50476323671909],
                  [-59.40991933992524, -25.507009742588856],
                  [-59.40871771028657, -25.507319602169392],
                  [-59.40867479494233, -25.508752692328898],
                  [-59.40747316530366, -25.50890761997034],
                  [-59.407044011861274, -25.51154135929],
                  [-59.40519865205903, -25.51173501431273],
                  [-59.40356786897797, -25.50972098680834],
                  [-59.40914686372895, -25.50484070313831]]]),
            {
              "msk": 1,
              "system:index": "4"
            })]);
/***** End of imports. If edited, may not auto-convert in the playground. *****/
// MAPBIOMAS Chaco
// COLLECTION 05 
// AUTHOR: Sarrailhé, Banchero. Adaptación de script de Schirmbeck
// 
//
//
//      CAMBIAR VERSION IN ANTES DE CORRER!!!
//
// 


var year = 1988 //año de visualización
var clase_dif = 25
var leyenda_ndvi = 0 //Para que no se visualice la leyenda y el ndvi poner 0

var version = 3

var col = '6'
var bioma = "Chaco"
var year_inicio = 1985
var year_fin = 2024
var col_arg = '2'

var versionOut = 'col'+ col + '-v' + version + '-Multiples-generales6-fullZF-' + year_inicio + '-' + year_fin
//var versionIn = 'col'+ col + '-v' + version + '-1Nat-' + year_inicio + '-' + year_fin +  '-mosaic'
var versionIn = 'col'+ col + '-v' + version + '-Multiples-generales5-fullZ' + year_inicio + '-' + year_fin

var versionIncidentes = year_inicio + '-' + year_fin + '_pre_incidentes_v' + version

var version_hand = '01'

var dir_filtros = 'projects/mapbiomas-argentina/assets/LAND-COVER/COLLECTION-' + col_arg + '/GENERAL/CLASSIFICATION/FILTERS/CHACO/clasificaciones-filtradas/'
var regioesCollection = ee.FeatureCollection('projects/mapbiomas-chaco/SENTINEL/Limites/Nuevo_Limite_Operativo')
var raster_zonas = 'projects/mapbiomas-chaco/SENTINEL/Limites/ic-zonas-raster'
//var image_hand_class = ee.Image('projects/mapbiomas-workspace/AMOSTRAS/col6/PAMPA/class_col6_filtros/classes_hand01')
var image_hand_class = ee.Image(dir_filtros + 'classes_hand' + version_hand)


//Agregado de mosaico
var mosaics =  ee.ImageCollection("projects/nexgenmap/MapBiomas2/LANDSAT/CHACO/mosaics")
                 .filterMetadata('version', 'equals', '2')
                 .filterMetadata('year', 'equals', year)

// Input: Probabilidad de inundable
var ic_prob = ee.ImageCollection( "projects/mapbiomas-chaco/COLECCION-4/RESULTADOS/ic-probabilidad-area-humeda" );
var prob_p95 = ic_prob.reduce(ee.Reducer.percentile([95])) 

//Visualizadores
var RGBvis = {
        bands: ['swir1_median', 'nir_median', 'red_median'],
        gain: [0.08, 0.06, 0.2],
        gamma: 0.85
    };
var palette = require('users/mapbiomas/modules:Palettes.js').get('classification9');
// print(palette)
palette = palette.concat(["#000000","#000000","#000000","#000000","#000000","#000000","#000000","#a2c830", "#000000", "#000000", "#000000","#000000","#000000", "#690a8f", "#8e9f53", "#ada48e", "#3b33ab"])

//Visualizador de las clasificaciones
var vis1 =  {
      //'bands': ['classification_2016'],
      'min': 0,
      'max': 86,
      'palette': palette,
      'format': 'png',
      'bands': 'classification_' + year

    }
//Visualizador de las diferencias
var vischange = {"min": 0, "max": 3,
        "palette": "ffffff,ff0000,e6f919,aaaaaa",    //amarelo=e6f919    magenta=bb34c0
        "format": "png",
        'bands': 'classification_' + year
  }

Map.addLayer(mosaics, RGBvis,'mosaico')
//Map.addLayer(image_in, vis1,'Completo Filtros base')


//print(image_in)
 var moda_vn = function(image_in){
  var lst = image_in.bandNames().map(function(b){return ee.Image(image_in.select([b])).rename("B").toInt16()})
  return ee.ImageCollection.fromImages(lst).mode()
  
}


// Moda de agricultura/pastura

var moda_agr_pas = function(stack){
  var lst = stack.bandNames().map(function(b){
    var msk = ee.Image(stack.select([b]))
    msk = msk.eq(15).or(msk.eq(19)) // 
    return ee.Image(stack.select([b])).updateMask(msk).rename("B").toInt16()
  })
  return ee.ImageCollection.fromImages(lst).mode()
  
}

//Moda sin agua ni pz inundable
var moda_no_inund = function(stack){
  var lst = stack.bandNames().map(function(b){
    var msk = ee.Image(stack.select([b]))
    msk = msk.neq(11).and(msk.neq(33)) // 
    return ee.Image(stack.select([b])).updateMask(msk).rename("B").toInt16()
  })
  return ee.ImageCollection.fromImages(lst).mode()
  
}

var moda_no_anv = function(stack){
  var lst = stack.bandNames().map(function(b){
    var msk = ee.Image(stack.select([b]))
    msk = msk.neq(25).and(msk.neq(23)) // 
    return ee.Image(stack.select([b])).updateMask(msk).rename("B").toInt16()
  })
  return ee.ImageCollection.fromImages(lst).mode()
  
}


//Moda sin agua ni pz inundable
var moda_inund = function(stack){
  var lst = stack.bandNames().map(function(b){
    var msk = ee.Image(stack.select([b]))
    msk = msk.eq(11).or(msk.eq(33)).or(msk.eq(6)) // 
    return ee.Image(stack.select([b])).updateMask(msk).rename("B").toInt16()
  })
  return ee.ImageCollection.fromImages(lst).mode()
  
}
//Map.addLayer(moda,{},"moda", false)

//Script de Juliano que calcula las diferencias
var diferenca = require('users/MapBiomasAR/coleccion-5:Utils/Mapa_Diferencias.js').diferenca

//Calculando frequencias
// General rule
//CON 1985 (85-23)
var exp = '100*((b( 0)+b( 1)+b( 2)+b( 3)+b( 4)+b( 5)+b( 6)+b( 7)+b( 8)+b( 9)'+
               '+b(10)+b(11)+b(12)+b(13)+b(14)+b(15)+b(16)+b(17)+b(18)+b(19)'+
               '+b(20)+b(21)+b(22)+b(23)+b(24)+b(25)+b(26)+b(27)+b(28)+b(29)'+
               '+b(30)+b(31)+b(32)+b(33)+b(34)+b(35)+b(36)+b(37)+b(38)+b(39))/40)';
//SIN 1985 (Hasta el 86)
//var exp = '100*((b( 0)+b( 1)+b( 2)+b( 3)+b( 4)+b( 5)+b( 6)+b( 7)+b( 8)+b( 9)'+
//               '+b(10)+b(11)+b(12)+b(13)+b(14)+b(15)+b(16)+b(17)+b(18)+b(19)'+
//               '+b(20)+b(21)+b(22)+b(23)+b(24)+b(25)+b(26)+b(27)+b(28)+b(29)'+
//               '+b(30)+b(31)+b(32)+b(33)+b(34)+b(35))/36)';

var get_mask = function(año, img, clases){
    var msk = ee.Image(0)
    clases.forEach(function(c){
      msk =   msk.or(img.select("classification_" + año).eq(c))
    })
    return msk
}


var regioes = [1, 2, 3, 4, 5, 6, 7, 8, 9, 10, 11, 12, 13, 14]

var years = ee.List.sequence(year_inicio, year_fin,1).getInfo();

var img_desp = null 

for (var i_regiao=0;i_regiao<regioes.length; i_regiao++){
    var regiao = regioes[i_regiao];
  

  if (regiao ==  1)  var aplicar = {freq_z8: 0, freq_z2:0, freq_ba_z6:0, freq_bc_z10:0, freq_pz_z12:0, freq_z3: 0}
  if (regiao ==  2)  var aplicar = {freq_z8: 0, freq_z2:1, freq_ba_z6:0, freq_bc_z10:0, freq_pz_z12:0, freq_z3: 0}
  if (regiao ==  3)  var aplicar = {freq_z8: 0, freq_z2:0, freq_ba_z6:0, freq_bc_z10:0, freq_pz_z12:0, freq_z3: 1}
  if (regiao ==  4)  var aplicar = {freq_z8: 0, freq_z2:0, freq_ba_z6:0, freq_bc_z10:0, freq_pz_z12:0, freq_z3: 0}
  if (regiao ==  5)  var aplicar = {freq_z8: 0, freq_z2:0, freq_ba_z6:0, freq_bc_z10:0, freq_pz_z12:0, freq_z3: 1}
  if (regiao ==  6)  var aplicar = {freq_z8: 0, freq_z2:0, freq_ba_z6:1, freq_bc_z10:0, freq_pz_z12:0, freq_z3: 0}
  if (regiao ==  7)  var aplicar = {freq_z8: 0, freq_z2:0, freq_ba_z6:0, freq_bc_z10:0, freq_pz_z12:0, freq_z3: 0}
  if (regiao ==  8)  var aplicar = {freq_z8: 1, freq_z2:0, freq_ba_z6:0, freq_bc_z10:0, freq_pz_z12:0, freq_z3: 0}
  if (regiao ==  9)  var aplicar = {freq_z8: 0, freq_z2:0, freq_ba_z6:0, freq_bc_z10:0, freq_pz_z12:0, freq_z3: 0}
  if (regiao == 10)  var aplicar = {freq_z8: 0, freq_z2:0, freq_ba_z6:0, freq_bc_z10:1, freq_pz_z12:0, freq_z3: 0}
  if (regiao == 11)  var aplicar = {freq_z8: 0, freq_z2:0, freq_ba_z6:0, freq_bc_z10:0, freq_pz_z12:0, freq_z3: 0}
  if (regiao == 12)  var aplicar = {freq_z8: 0, freq_z2:0, freq_ba_z6:0, freq_bc_z10:0, freq_pz_z12:1, freq_z3: 0}
  if (regiao == 13)  var aplicar = {freq_z8: 0, freq_z2:0, freq_ba_z6:0, freq_bc_z10:0, freq_pz_z12:0, freq_z3: 0}
  if (regiao == 14)  var aplicar = {freq_z8: 0, freq_z2:0, freq_ba_z6:0, freq_bc_z10:0, freq_pz_z12:0, freq_z3: 0}

  var limite = regioesCollection.filterMetadata('zona', 'equals', regiao);

//print(regioesCollection)
  var image_incidence = ee.Image(dir_filtros + '_Z' + String(regiao) + '_'+ versionIncidentes)
  var region_raster = ee.Image(raster_zonas+ '/zona_' + regiao)
//  var image_in = ee.Image(dir_filtros + versionIn).updateMask(region_raster);
  var image_in = ee.Image(dir_filtros + versionIn + '-z' + regiao ).updateMask(region_raster);
//  Map.addLayer(image_in,vis1,'Completo Filtros base' + regiao, false)



//  print(image_incidence)
  
  
//  Map.addLayer(image_in,vis1,'MapBio Temporal_' + regiao, false)
 // Map.addLayer(image_gap,vis1,'MapBio GAP')
  
    
  // get frequency
  // Bosque
  var clase03 = image_in.eq(3).expression(exp) //Cerrado
  var clase04 = image_in.eq(4).expression(exp) //Abierto
  var clase06 = image_in.eq(6).expression(exp) //Inundable
  // Pastizales
  var clase12 = image_in.eq(12).expression(exp)//
  var clase11 = image_in.eq(11).expression(exp)//Inundable
  // Arbustos
  var clase66 = image_in.eq(66).expression(exp)//Cerrado
  var clase77 = image_in.eq(77).expression(exp)//Abierto
  var clase63 = image_in.eq(63).expression(exp)//Disperso
  // Antrópicas
  var clase09 = image_in.eq(9).expression(exp) //Plantaciones Forestales
  var clase15 = image_in.eq(15).expression(exp)//Pastura
  var clase19 = image_in.eq(19).expression(exp)//Cultivos Anuales
  var clase47 = image_in.eq(47).expression(exp)//Citrus
  var clase48 = image_in.eq(48).expression(exp)//Otros Cultivos Perennes
  var clase83 = image_in.eq(83).expression(exp)//Vid
  var clase84 = image_in.eq(84).expression(exp)//Olivos
  var clase85 = image_in.eq(85).expression(exp)//Nogales
  var clase86 = image_in.eq(86).expression(exp)//Arandano
  // No vegetada
  var clase23 = image_in.eq(23).expression(exp)//Playas y Dunas
  var clase25 = image_in.eq(25).expression(exp)//Otras areas no vegetadas
  var clase61 = image_in.eq(61).expression(exp)//Salares
  //Agua
  var clase33 = image_in.eq(33).expression(exp)

 //**********************************************
  //******** Filtro pz zona 8
  //**********************************************

  if (aplicar.freq_z8){
      var nombre_filtro = 'freq_z8'
      //var moda_no_inund_1 = moda_no_inund(image_in)
      var i_msk_z8 = msk_z8.reduceToImage(["msk"], ee.Reducer.first())
      var activacion = ee.Image(0)
                             .where(i_msk_z8.eq(1),
                             1).updateMask(region_raster)
    
      var  vegMap51 =     
                    image_in.select("classification_1985").where(activacion.eq(1).and(get_mask(1985, image_in, [19, 15, 12])), 11)
          .addBands(image_in.select("classification_1986").where(activacion.eq(1).and(get_mask(1986, image_in, [19, 15, 12])), 11))
          .addBands(image_in.select("classification_1987").where(activacion.eq(1).and(get_mask(1987, image_in, [19, 15, 12])), 11))
          .addBands(image_in.select("classification_1988").where(activacion.eq(1).and(get_mask(1988, image_in, [19, 15, 12])), 11))
          .addBands(image_in.select("classification_1989").where(activacion.eq(1).and(get_mask(1989, image_in, [19, 15, 12])), 11))
          .addBands(image_in.select("classification_1990").where(activacion.eq(1).and(get_mask(1990, image_in, [19, 15, 12])), 11))
          .addBands(image_in.select("classification_1991").where(activacion.eq(1).and(get_mask(1991, image_in, [19, 15, 12])), 11))
          .addBands(image_in.select("classification_1992").where(activacion.eq(1).and(get_mask(1992, image_in, [19, 15, 12])), 11))
          .addBands(image_in.select("classification_1993").where(activacion.eq(1).and(get_mask(1993, image_in, [19, 15, 12])), 11))
          .addBands(image_in.select("classification_1994").where(activacion.eq(1).and(get_mask(1994, image_in, [19, 15, 12])), 11))
          .addBands(image_in.select("classification_1995").where(activacion.eq(1).and(get_mask(1995, image_in, [19, 15, 12])), 11))
          .addBands(image_in.select("classification_1996").where(activacion.eq(1).and(get_mask(1996, image_in, [19, 15, 12])), 11))
          .addBands(image_in.select("classification_1997").where(activacion.eq(1).and(get_mask(1997, image_in, [19, 15, 12])), 11))
          .addBands(image_in.select("classification_1998").where(activacion.eq(1).and(get_mask(1998, image_in, [19, 15, 12])), 11))
          .addBands(image_in.select("classification_1999").where(activacion.eq(1).and(get_mask(1999, image_in, [19, 15, 12])), 11))
          
          .addBands(image_in.select("classification_2000").where(activacion.eq(1).and(get_mask(2000, image_in, [19, 15, 12])), 11))
          .addBands(image_in.select("classification_2001").where(activacion.eq(1).and(get_mask(2001, image_in, [19, 15, 12])), 11))
          .addBands(image_in.select("classification_2002").where(activacion.eq(1).and(get_mask(2002, image_in, [19, 15, 12])), 11))
          .addBands(image_in.select("classification_2003").where(activacion.eq(1).and(get_mask(2003, image_in, [19, 15, 12])), 11))
          .addBands(image_in.select("classification_2004").where(activacion.eq(1).and(get_mask(2004, image_in, [19, 15, 12])), 11))
          .addBands(image_in.select("classification_2005").where(activacion.eq(1).and(get_mask(2005, image_in, [19, 15, 12])), 11))
          .addBands(image_in.select("classification_2006").where(activacion.eq(1).and(get_mask(2006, image_in, [19, 15, 12])), 11))
          .addBands(image_in.select("classification_2007").where(activacion.eq(1).and(get_mask(2007, image_in, [19, 15, 12])), 11))
          .addBands(image_in.select("classification_2008").where(activacion.eq(1).and(get_mask(2008, image_in, [19, 15, 12])), 11))
          .addBands(image_in.select("classification_2009").where(activacion.eq(1).and(get_mask(2009, image_in, [19, 15, 12])), 11))
          .addBands(image_in.select("classification_2010").where(activacion.eq(1).and(get_mask(2010, image_in, [19, 15, 12])), 11))
          .addBands(image_in.select("classification_2011").where(activacion.eq(1).and(get_mask(2011, image_in, [19, 15, 12])), 11))
          .addBands(image_in.select("classification_2012").where(activacion.eq(1).and(get_mask(2012, image_in, [19, 15, 12])), 11))
          .addBands(image_in.select("classification_2013").where(activacion.eq(1).and(get_mask(2013, image_in, [19, 15, 12])), 11))
          .addBands(image_in.select("classification_2014").where(activacion.eq(1).and(get_mask(2014, image_in, [19, 15, 12])), 11))
          .addBands(image_in.select("classification_2015").where(activacion.eq(1).and(get_mask(2015, image_in, [19, 15, 12])), 11))
          .addBands(image_in.select("classification_2016").where(activacion.eq(1).and(get_mask(2016, image_in, [19, 15, 12])), 11))
          .addBands(image_in.select("classification_2017").where(activacion.eq(1).and(get_mask(2017, image_in, [19, 15, 12])), 11))
          .addBands(image_in.select("classification_2018").where(activacion.eq(1).and(get_mask(2018, image_in, [19, 15, 12])), 11))
          .addBands(image_in.select("classification_2019").where(activacion.eq(1).and(get_mask(2019, image_in, [19, 15, 12])), 11))
          .addBands(image_in.select("classification_2020").where(activacion.eq(1).and(get_mask(2020, image_in, [19, 15, 12])), 11))
          .addBands(image_in.select("classification_2021").where(activacion.eq(1).and(get_mask(2021, image_in, [19, 15, 12])), 11))
          .addBands(image_in.select("classification_2022").where(activacion.eq(1).and(get_mask(2022, image_in, [19, 15, 12])), 11))
          .addBands(image_in.select("classification_2023").where(activacion.eq(1).and(get_mask(2023, image_in, [19, 15, 12])), 11))
          .addBands(image_in.select("classification_2024").where(activacion.eq(1).and(get_mask(2024, image_in, [19, 15, 12])), 11))
  
      vegMap51 = vegMap51.updateMask(vegMap51.neq(0))

      image_in = image_in.where(vegMap51, vegMap51)

      var activacion = ee.Image(0)
                             .where(i_msk_z8.eq(1),
                             1).updateMask(region_raster)
    
      var  vegMap51 =     
                    image_in.select("classification_1985").where(activacion.eq(1).and(get_mask(1985, image_in, [9, 66, 77])), 6)
          .addBands(image_in.select("classification_1986").where(activacion.eq(1).and(get_mask(1986, image_in, [9, 66, 77])), 6))
          .addBands(image_in.select("classification_1987").where(activacion.eq(1).and(get_mask(1987, image_in, [9, 66, 77])), 6))
          .addBands(image_in.select("classification_1988").where(activacion.eq(1).and(get_mask(1988, image_in, [9, 66, 77])), 6))
          .addBands(image_in.select("classification_1989").where(activacion.eq(1).and(get_mask(1989, image_in, [9, 66, 77])), 6))
          .addBands(image_in.select("classification_1990").where(activacion.eq(1).and(get_mask(1990, image_in, [9, 66, 77])), 6))
          .addBands(image_in.select("classification_1991").where(activacion.eq(1).and(get_mask(1991, image_in, [9, 66, 77])), 6))
          .addBands(image_in.select("classification_1992").where(activacion.eq(1).and(get_mask(1992, image_in, [9, 66, 77])), 6))
          .addBands(image_in.select("classification_1993").where(activacion.eq(1).and(get_mask(1993, image_in, [9, 66, 77])), 6))
          .addBands(image_in.select("classification_1994").where(activacion.eq(1).and(get_mask(1994, image_in, [9, 66, 77])), 6))
          .addBands(image_in.select("classification_1995").where(activacion.eq(1).and(get_mask(1995, image_in, [9, 66, 77])), 6))
          .addBands(image_in.select("classification_1996").where(activacion.eq(1).and(get_mask(1996, image_in, [9, 66, 77])), 6))
          .addBands(image_in.select("classification_1997").where(activacion.eq(1).and(get_mask(1997, image_in, [9, 66, 77])), 6))
          .addBands(image_in.select("classification_1998").where(activacion.eq(1).and(get_mask(1998, image_in, [9, 66, 77])), 6))
          .addBands(image_in.select("classification_1999").where(activacion.eq(1).and(get_mask(1999, image_in, [9, 66, 77])), 6))
          
          .addBands(image_in.select("classification_2000").where(activacion.eq(1).and(get_mask(2000, image_in, [9, 66, 77])), 6))
          .addBands(image_in.select("classification_2001").where(activacion.eq(1).and(get_mask(2001, image_in, [9, 66, 77])), 6))
          .addBands(image_in.select("classification_2002").where(activacion.eq(1).and(get_mask(2002, image_in, [9, 66, 77])), 6))
          .addBands(image_in.select("classification_2003").where(activacion.eq(1).and(get_mask(2003, image_in, [9, 66, 77])), 6))
          .addBands(image_in.select("classification_2004").where(activacion.eq(1).and(get_mask(2004, image_in, [9, 66, 77])), 6))
          .addBands(image_in.select("classification_2005").where(activacion.eq(1).and(get_mask(2005, image_in, [9, 66, 77])), 6))
          .addBands(image_in.select("classification_2006").where(activacion.eq(1).and(get_mask(2006, image_in, [9, 66, 77])), 6))
          .addBands(image_in.select("classification_2007").where(activacion.eq(1).and(get_mask(2007, image_in, [9, 66, 77])), 6))
          .addBands(image_in.select("classification_2008").where(activacion.eq(1).and(get_mask(2008, image_in, [9, 66, 77])), 6))
          .addBands(image_in.select("classification_2009").where(activacion.eq(1).and(get_mask(2009, image_in, [9, 66, 77])), 6))
          .addBands(image_in.select("classification_2010").where(activacion.eq(1).and(get_mask(2010, image_in, [9, 66, 77])), 6))
          .addBands(image_in.select("classification_2011").where(activacion.eq(1).and(get_mask(2011, image_in, [9, 66, 77])), 6))
          .addBands(image_in.select("classification_2012").where(activacion.eq(1).and(get_mask(2012, image_in, [9, 66, 77])), 6))
          .addBands(image_in.select("classification_2013").where(activacion.eq(1).and(get_mask(2013, image_in, [9, 66, 77])), 6))
          .addBands(image_in.select("classification_2014").where(activacion.eq(1).and(get_mask(2014, image_in, [9, 66, 77])), 6))
          .addBands(image_in.select("classification_2015").where(activacion.eq(1).and(get_mask(2015, image_in, [9, 66, 77])), 6))
          .addBands(image_in.select("classification_2016").where(activacion.eq(1).and(get_mask(2016, image_in, [9, 66, 77])), 6))
          .addBands(image_in.select("classification_2017").where(activacion.eq(1).and(get_mask(2017, image_in, [9, 66, 77])), 6))
          .addBands(image_in.select("classification_2018").where(activacion.eq(1).and(get_mask(2018, image_in, [9, 66, 77])), 6))
          .addBands(image_in.select("classification_2019").where(activacion.eq(1).and(get_mask(2019, image_in, [9, 66, 77])), 6))
          .addBands(image_in.select("classification_2020").where(activacion.eq(1).and(get_mask(2020, image_in, [9, 66, 77])), 6))
          .addBands(image_in.select("classification_2021").where(activacion.eq(1).and(get_mask(2021, image_in, [9, 66, 77])), 6))
          .addBands(image_in.select("classification_2022").where(activacion.eq(1).and(get_mask(2022, image_in, [9, 66, 77])), 6))
          .addBands(image_in.select("classification_2023").where(activacion.eq(1).and(get_mask(2023, image_in, [9, 66, 77])), 6))
          .addBands(image_in.select("classification_2024").where(activacion.eq(1).and(get_mask(2024, image_in, [9, 66, 77])), 6))
  
      vegMap51 = vegMap51.updateMask(vegMap51.neq(0))

      image_in = image_in.where(vegMap51, vegMap51)

      var activacion = ee.Image(0)
                             .where(i_msk_z8.eq(1)
                             .and(clase11.gt(50)),
                             1).updateMask(region_raster)
    
      var  vegMap51 =     
                    image_in.select("classification_1985").where(activacion.eq(1).and(get_mask(1985, image_in, [6])), 11)
          .addBands(image_in.select("classification_1986").where(activacion.eq(1).and(get_mask(1986, image_in, [6])), 11))
          .addBands(image_in.select("classification_1987").where(activacion.eq(1).and(get_mask(1987, image_in, [6])), 11))
          .addBands(image_in.select("classification_1988").where(activacion.eq(1).and(get_mask(1988, image_in, [6])), 11))
          .addBands(image_in.select("classification_1989").where(activacion.eq(1).and(get_mask(1989, image_in, [6])), 11))
          .addBands(image_in.select("classification_1990").where(activacion.eq(1).and(get_mask(1990, image_in, [6])), 11))
          .addBands(image_in.select("classification_1991").where(activacion.eq(1).and(get_mask(1991, image_in, [6])), 11))
          .addBands(image_in.select("classification_1992").where(activacion.eq(1).and(get_mask(1992, image_in, [6])), 11))
          .addBands(image_in.select("classification_1993").where(activacion.eq(1).and(get_mask(1993, image_in, [6])), 11))
          .addBands(image_in.select("classification_1994").where(activacion.eq(1).and(get_mask(1994, image_in, [6])), 11))
          .addBands(image_in.select("classification_1995").where(activacion.eq(1).and(get_mask(1995, image_in, [6])), 11))
          .addBands(image_in.select("classification_1996").where(activacion.eq(1).and(get_mask(1996, image_in, [6])), 11))
          .addBands(image_in.select("classification_1997").where(activacion.eq(1).and(get_mask(1997, image_in, [6])), 11))
          .addBands(image_in.select("classification_1998").where(activacion.eq(1).and(get_mask(1998, image_in, [6])), 11))
          .addBands(image_in.select("classification_1999").where(activacion.eq(1).and(get_mask(1999, image_in, [6])), 11))
          
          .addBands(image_in.select("classification_2000").where(activacion.eq(1).and(get_mask(2000, image_in, [6])), 11))
          .addBands(image_in.select("classification_2001").where(activacion.eq(1).and(get_mask(2001, image_in, [6])), 11))
          .addBands(image_in.select("classification_2002").where(activacion.eq(1).and(get_mask(2002, image_in, [6])), 11))
          .addBands(image_in.select("classification_2003").where(activacion.eq(1).and(get_mask(2003, image_in, [6])), 11))
          .addBands(image_in.select("classification_2004").where(activacion.eq(1).and(get_mask(2004, image_in, [6])), 11))
          .addBands(image_in.select("classification_2005").where(activacion.eq(1).and(get_mask(2005, image_in, [6])), 11))
          .addBands(image_in.select("classification_2006").where(activacion.eq(1).and(get_mask(2006, image_in, [6])), 11))
          .addBands(image_in.select("classification_2007").where(activacion.eq(1).and(get_mask(2007, image_in, [6])), 11))
          .addBands(image_in.select("classification_2008").where(activacion.eq(1).and(get_mask(2008, image_in, [6])), 11))
          .addBands(image_in.select("classification_2009").where(activacion.eq(1).and(get_mask(2009, image_in, [6])), 11))
          .addBands(image_in.select("classification_2010").where(activacion.eq(1).and(get_mask(2010, image_in, [6])), 11))
          .addBands(image_in.select("classification_2011").where(activacion.eq(1).and(get_mask(2011, image_in, [6])), 11))
          .addBands(image_in.select("classification_2012").where(activacion.eq(1).and(get_mask(2012, image_in, [6])), 11))
          .addBands(image_in.select("classification_2013").where(activacion.eq(1).and(get_mask(2013, image_in, [6])), 11))
          .addBands(image_in.select("classification_2014").where(activacion.eq(1).and(get_mask(2014, image_in, [6])), 11))
          .addBands(image_in.select("classification_2015").where(activacion.eq(1).and(get_mask(2015, image_in, [6])), 11))
          .addBands(image_in.select("classification_2016").where(activacion.eq(1).and(get_mask(2016, image_in, [6])), 11))
          .addBands(image_in.select("classification_2017").where(activacion.eq(1).and(get_mask(2017, image_in, [6])), 11))
          .addBands(image_in.select("classification_2018").where(activacion.eq(1).and(get_mask(2018, image_in, [6])), 11))
          .addBands(image_in.select("classification_2019").where(activacion.eq(1).and(get_mask(2019, image_in, [6])), 11))
          .addBands(image_in.select("classification_2020").where(activacion.eq(1).and(get_mask(2020, image_in, [6])), 11))
          .addBands(image_in.select("classification_2021").where(activacion.eq(1).and(get_mask(2021, image_in, [6])), 11))
          .addBands(image_in.select("classification_2022").where(activacion.eq(1).and(get_mask(2022, image_in, [6])), 11))
          .addBands(image_in.select("classification_2023").where(activacion.eq(1).and(get_mask(2023, image_in, [6])), 11))
          .addBands(image_in.select("classification_2024").where(activacion.eq(1).and(get_mask(2024, image_in, [6])), 11))
  
      vegMap51 = vegMap51.updateMask(vegMap51.neq(0))

      image_in = image_in.where(vegMap51, vegMap51)

      var activacion = ee.Image(0)
                             .where(i_msk_z8.eq(1)
                             .and(clase06.gt(50)),
                             1).updateMask(region_raster)
    
      var  vegMap51 =     
                    image_in.select("classification_1985").where(activacion.eq(1).and(get_mask(1985, image_in, [11])), 6)
          .addBands(image_in.select("classification_1986").where(activacion.eq(1).and(get_mask(1986, image_in, [11])), 6))
          .addBands(image_in.select("classification_1987").where(activacion.eq(1).and(get_mask(1987, image_in, [11])), 6))
          .addBands(image_in.select("classification_1988").where(activacion.eq(1).and(get_mask(1988, image_in, [11])), 6))
          .addBands(image_in.select("classification_1989").where(activacion.eq(1).and(get_mask(1989, image_in, [11])), 6))
          .addBands(image_in.select("classification_1990").where(activacion.eq(1).and(get_mask(1990, image_in, [11])), 6))
          .addBands(image_in.select("classification_1991").where(activacion.eq(1).and(get_mask(1991, image_in, [11])), 6))
          .addBands(image_in.select("classification_1992").where(activacion.eq(1).and(get_mask(1992, image_in, [11])), 6))
          .addBands(image_in.select("classification_1993").where(activacion.eq(1).and(get_mask(1993, image_in, [11])), 6))
          .addBands(image_in.select("classification_1994").where(activacion.eq(1).and(get_mask(1994, image_in, [11])), 6))
          .addBands(image_in.select("classification_1995").where(activacion.eq(1).and(get_mask(1995, image_in, [11])), 6))
          .addBands(image_in.select("classification_1996").where(activacion.eq(1).and(get_mask(1996, image_in, [11])), 6))
          .addBands(image_in.select("classification_1997").where(activacion.eq(1).and(get_mask(1997, image_in, [11])), 6))
          .addBands(image_in.select("classification_1998").where(activacion.eq(1).and(get_mask(1998, image_in, [11])), 6))
          .addBands(image_in.select("classification_1999").where(activacion.eq(1).and(get_mask(1999, image_in, [11])), 6))
          
          .addBands(image_in.select("classification_2000").where(activacion.eq(1).and(get_mask(2000, image_in, [11])), 6))
          .addBands(image_in.select("classification_2001").where(activacion.eq(1).and(get_mask(2001, image_in, [11])), 6))
          .addBands(image_in.select("classification_2002").where(activacion.eq(1).and(get_mask(2002, image_in, [11])), 6))
          .addBands(image_in.select("classification_2003").where(activacion.eq(1).and(get_mask(2003, image_in, [11])), 6))
          .addBands(image_in.select("classification_2004").where(activacion.eq(1).and(get_mask(2004, image_in, [11])), 6))
          .addBands(image_in.select("classification_2005").where(activacion.eq(1).and(get_mask(2005, image_in, [11])), 6))
          .addBands(image_in.select("classification_2006").where(activacion.eq(1).and(get_mask(2006, image_in, [11])), 6))
          .addBands(image_in.select("classification_2007").where(activacion.eq(1).and(get_mask(2007, image_in, [11])), 6))
          .addBands(image_in.select("classification_2008").where(activacion.eq(1).and(get_mask(2008, image_in, [11])), 6))
          .addBands(image_in.select("classification_2009").where(activacion.eq(1).and(get_mask(2009, image_in, [11])), 6))
          .addBands(image_in.select("classification_2010").where(activacion.eq(1).and(get_mask(2010, image_in, [11])), 6))
          .addBands(image_in.select("classification_2011").where(activacion.eq(1).and(get_mask(2011, image_in, [11])), 6))
          .addBands(image_in.select("classification_2012").where(activacion.eq(1).and(get_mask(2012, image_in, [11])), 6))
          .addBands(image_in.select("classification_2013").where(activacion.eq(1).and(get_mask(2013, image_in, [11])), 6))
          .addBands(image_in.select("classification_2014").where(activacion.eq(1).and(get_mask(2014, image_in, [11])), 6))
          .addBands(image_in.select("classification_2015").where(activacion.eq(1).and(get_mask(2015, image_in, [11])), 6))
          .addBands(image_in.select("classification_2016").where(activacion.eq(1).and(get_mask(2016, image_in, [11])), 6))
          .addBands(image_in.select("classification_2017").where(activacion.eq(1).and(get_mask(2017, image_in, [11])), 6))
          .addBands(image_in.select("classification_2018").where(activacion.eq(1).and(get_mask(2018, image_in, [11])), 6))
          .addBands(image_in.select("classification_2019").where(activacion.eq(1).and(get_mask(2019, image_in, [11])), 6))
          .addBands(image_in.select("classification_2020").where(activacion.eq(1).and(get_mask(2020, image_in, [11])), 6))
          .addBands(image_in.select("classification_2021").where(activacion.eq(1).and(get_mask(2021, image_in, [11])), 6))
          .addBands(image_in.select("classification_2022").where(activacion.eq(1).and(get_mask(2022, image_in, [11])), 6))
          .addBands(image_in.select("classification_2023").where(activacion.eq(1).and(get_mask(2023, image_in, [11])), 6))
          .addBands(image_in.select("classification_2024").where(activacion.eq(1).and(get_mask(2024, image_in, [11])), 6))
  
      vegMap51 = vegMap51.updateMask(vegMap51.neq(0))

      image_in = image_in.where(vegMap51, vegMap51)




      Map.addLayer(image_in,vis1,'Filtro ' + nombre_filtro + ' z' + regiao, false)
      Map.addLayer(activacion,{min:0, max:1, palette: ["yellow","red"]},'Máscara ' + nombre_filtro + 'z ' + regiao, false)
    
  }

 //**********************************************
  //******** Filtro bc z zona 2 
  //**********************************************

  if (aplicar.freq_z2){
      var nombre_filtro = 'freq_z2'
      //var moda_no_inund_1 = moda_no_inund(image_in)
      var i_msk_z2 = msk_z2.reduceToImage(["msk"], ee.Reducer.first())
      var activacion = ee.Image(0)
                             .where((i_msk_z2.eq(1)),
                             1).updateMask(region_raster)
    
      var  vegMap51 =     
                    image_in.select("classification_1985").where(activacion.eq(1).and(get_mask(1985, image_in, [19, 15])), 11)
          .addBands(image_in.select("classification_1986").where(activacion.eq(1).and(get_mask(1986, image_in, [19, 15])), 11))
          .addBands(image_in.select("classification_1987").where(activacion.eq(1).and(get_mask(1987, image_in, [19, 15])), 11))
          .addBands(image_in.select("classification_1988").where(activacion.eq(1).and(get_mask(1988, image_in, [19, 15])), 11))
          .addBands(image_in.select("classification_1989").where(activacion.eq(1).and(get_mask(1989, image_in, [19, 15])), 11))
          .addBands(image_in.select("classification_1990").where(activacion.eq(1).and(get_mask(1990, image_in, [19, 15])), 11))
          .addBands(image_in.select("classification_1991").where(activacion.eq(1).and(get_mask(1991, image_in, [19, 15])), 11))
          .addBands(image_in.select("classification_1992").where(activacion.eq(1).and(get_mask(1992, image_in, [19, 15])), 11))
          .addBands(image_in.select("classification_1993").where(activacion.eq(1).and(get_mask(1993, image_in, [19, 15])), 11))
          .addBands(image_in.select("classification_1994").where(activacion.eq(1).and(get_mask(1994, image_in, [19, 15])), 11))
          .addBands(image_in.select("classification_1995").where(activacion.eq(1).and(get_mask(1995, image_in, [19, 15])), 11))
          .addBands(image_in.select("classification_1996").where(activacion.eq(1).and(get_mask(1996, image_in, [19, 15])), 11))
          .addBands(image_in.select("classification_1997").where(activacion.eq(1).and(get_mask(1997, image_in, [19, 15])), 11))
          .addBands(image_in.select("classification_1998").where(activacion.eq(1).and(get_mask(1998, image_in, [19, 15])), 11))
          .addBands(image_in.select("classification_1999").where(activacion.eq(1).and(get_mask(1999, image_in, [19, 15])), 11))
          
          .addBands(image_in.select("classification_2000").where(activacion.eq(1).and(get_mask(2000, image_in, [19, 15])), 11))
          .addBands(image_in.select("classification_2001").where(activacion.eq(1).and(get_mask(2001, image_in, [19, 15])), 11))
          .addBands(image_in.select("classification_2002").where(activacion.eq(1).and(get_mask(2002, image_in, [19, 15])), 11))
          .addBands(image_in.select("classification_2003").where(activacion.eq(1).and(get_mask(2003, image_in, [19, 15])), 11))
          .addBands(image_in.select("classification_2004").where(activacion.eq(1).and(get_mask(2004, image_in, [19, 15])), 11))
          .addBands(image_in.select("classification_2005").where(activacion.eq(1).and(get_mask(2005, image_in, [19, 15])), 11))
          .addBands(image_in.select("classification_2006").where(activacion.eq(1).and(get_mask(2006, image_in, [19, 15])), 11))
          .addBands(image_in.select("classification_2007").where(activacion.eq(1).and(get_mask(2007, image_in, [19, 15])), 11))
          .addBands(image_in.select("classification_2008").where(activacion.eq(1).and(get_mask(2008, image_in, [19, 15])), 11))
          .addBands(image_in.select("classification_2009").where(activacion.eq(1).and(get_mask(2009, image_in, [19, 15])), 11))
          .addBands(image_in.select("classification_2010").where(activacion.eq(1).and(get_mask(2010, image_in, [19, 15])), 11))
          .addBands(image_in.select("classification_2011").where(activacion.eq(1).and(get_mask(2011, image_in, [19, 15])), 11))
          .addBands(image_in.select("classification_2012").where(activacion.eq(1).and(get_mask(2012, image_in, [19, 15])), 11))
          .addBands(image_in.select("classification_2013").where(activacion.eq(1).and(get_mask(2013, image_in, [19, 15])), 11))
          .addBands(image_in.select("classification_2014").where(activacion.eq(1).and(get_mask(2014, image_in, [19, 15])), 11))
          .addBands(image_in.select("classification_2015").where(activacion.eq(1).and(get_mask(2015, image_in, [19, 15])), 11))
          .addBands(image_in.select("classification_2016").where(activacion.eq(1).and(get_mask(2016, image_in, [19, 15])), 11))
          .addBands(image_in.select("classification_2017").where(activacion.eq(1).and(get_mask(2017, image_in, [19, 15])), 11))
          .addBands(image_in.select("classification_2018").where(activacion.eq(1).and(get_mask(2018, image_in, [19, 15])), 11))
          .addBands(image_in.select("classification_2019").where(activacion.eq(1).and(get_mask(2019, image_in, [19, 15])), 11))
          .addBands(image_in.select("classification_2020").where(activacion.eq(1).and(get_mask(2020, image_in, [19, 15])), 11))
          .addBands(image_in.select("classification_2021").where(activacion.eq(1).and(get_mask(2021, image_in, [19, 15])), 11))
          .addBands(image_in.select("classification_2022").where(activacion.eq(1).and(get_mask(2022, image_in, [19, 15])), 11))
          .addBands(image_in.select("classification_2023").where(activacion.eq(1).and(get_mask(2023, image_in, [19, 15])), 11))
          .addBands(image_in.select("classification_2024").where(activacion.eq(1).and(get_mask(2024, image_in, [19, 15])), 11))
  
      vegMap51 = vegMap51.updateMask(vegMap51.neq(0))

      image_in = image_in.where(vegMap51, vegMap51)

      Map.addLayer(image_in,vis1,'Filtro ' + nombre_filtro + ' z' + regiao, false)
      Map.addLayer(activacion,{min:0, max:1, palette: ["yellow","red"]},'Máscara ' + nombre_filtro + 'z ' + regiao, false)
    
  }

 //**********************************************
  //******** Filtro ba z zona 6 
  //**********************************************

  if (aplicar.freq_ba_z6){
      var nombre_filtro = 'freq_ba_z6'
      //var moda_no_inund_1 = moda_no_inund(image_in)
      var i_msk_ba_z6 = ba_z6.reduceToImage(["msk"], ee.Reducer.first())
      var activacion = ee.Image(0)
                             .where((i_msk_ba_z6.eq(1)),
                             1).updateMask(region_raster)
    
      var  vegMap51 =     
                    image_in.select("classification_1985").where(activacion.eq(1).and(get_mask(1985, image_in, [19, 15, 12])), 4)
          .addBands(image_in.select("classification_1986").where(activacion.eq(1).and(get_mask(1986, image_in, [19, 15, 12])), 4))
          .addBands(image_in.select("classification_1987").where(activacion.eq(1).and(get_mask(1987, image_in, [19, 15, 12])), 4))
          .addBands(image_in.select("classification_1988").where(activacion.eq(1).and(get_mask(1988, image_in, [19, 15, 12])), 4))
          .addBands(image_in.select("classification_1989").where(activacion.eq(1).and(get_mask(1989, image_in, [19, 15, 12])), 4))
          .addBands(image_in.select("classification_1990").where(activacion.eq(1).and(get_mask(1990, image_in, [19, 15, 12])), 4))
          .addBands(image_in.select("classification_1991").where(activacion.eq(1).and(get_mask(1991, image_in, [19, 15, 12])), 4))
          .addBands(image_in.select("classification_1992").where(activacion.eq(1).and(get_mask(1992, image_in, [19, 15, 12])), 4))
          .addBands(image_in.select("classification_1993").where(activacion.eq(1).and(get_mask(1993, image_in, [19, 15, 12])), 4))
          .addBands(image_in.select("classification_1994").where(activacion.eq(1).and(get_mask(1994, image_in, [19, 15, 12])), 4))
          .addBands(image_in.select("classification_1995").where(activacion.eq(1).and(get_mask(1995, image_in, [19, 15, 12])), 4))
          .addBands(image_in.select("classification_1996").where(activacion.eq(1).and(get_mask(1996, image_in, [19, 15, 12])), 4))
          .addBands(image_in.select("classification_1997").where(activacion.eq(1).and(get_mask(1997, image_in, [19, 15, 12])), 4))
          .addBands(image_in.select("classification_1998").where(activacion.eq(1).and(get_mask(1998, image_in, [19, 15, 12])), 4))
          .addBands(image_in.select("classification_1999").where(activacion.eq(1).and(get_mask(1999, image_in, [19, 15, 12])), 4))
          
          .addBands(image_in.select("classification_2000").where(activacion.eq(1).and(get_mask(2000, image_in, [19, 15, 12])), 4))
          .addBands(image_in.select("classification_2001").where(activacion.eq(1).and(get_mask(2001, image_in, [19, 15, 12])), 4))
          .addBands(image_in.select("classification_2002").where(activacion.eq(1).and(get_mask(2002, image_in, [19, 15, 12])), 4))
          .addBands(image_in.select("classification_2003").where(activacion.eq(1).and(get_mask(2003, image_in, [19, 15, 12])), 4))
          .addBands(image_in.select("classification_2004").where(activacion.eq(1).and(get_mask(2004, image_in, [19, 15, 12])), 4))
          .addBands(image_in.select("classification_2005").where(activacion.eq(1).and(get_mask(2005, image_in, [19, 15, 12])), 4))
          .addBands(image_in.select("classification_2006").where(activacion.eq(1).and(get_mask(2006, image_in, [19, 15, 12])), 4))
          .addBands(image_in.select("classification_2007").where(activacion.eq(1).and(get_mask(2007, image_in, [19, 15, 12])), 4))
          .addBands(image_in.select("classification_2008").where(activacion.eq(1).and(get_mask(2008, image_in, [19, 15, 12])), 4))
          .addBands(image_in.select("classification_2009").where(activacion.eq(1).and(get_mask(2009, image_in, [19, 15, 12])), 4))
          .addBands(image_in.select("classification_2010").where(activacion.eq(1).and(get_mask(2010, image_in, [19, 15, 12])), 4))
          .addBands(image_in.select("classification_2011").where(activacion.eq(1).and(get_mask(2011, image_in, [19, 15, 12])), 4))
          .addBands(image_in.select("classification_2012").where(activacion.eq(1).and(get_mask(2012, image_in, [19, 15, 12])), 4))
          .addBands(image_in.select("classification_2013").where(activacion.eq(1).and(get_mask(2013, image_in, [19, 15, 12])), 4))
          .addBands(image_in.select("classification_2014").where(activacion.eq(1).and(get_mask(2014, image_in, [19, 15, 12])), 4))
          .addBands(image_in.select("classification_2015").where(activacion.eq(1).and(get_mask(2015, image_in, [19, 15, 12])), 4))
          .addBands(image_in.select("classification_2016").where(activacion.eq(1).and(get_mask(2016, image_in, [19, 15, 12])), 4))
          .addBands(image_in.select("classification_2017").where(activacion.eq(1).and(get_mask(2017, image_in, [19, 15, 12])), 4))
          .addBands(image_in.select("classification_2018").where(activacion.eq(1).and(get_mask(2018, image_in, [19, 15, 12])), 4))
          .addBands(image_in.select("classification_2019").where(activacion.eq(1).and(get_mask(2019, image_in, [19, 15, 12])), 4))
          .addBands(image_in.select("classification_2020").where(activacion.eq(1).and(get_mask(2020, image_in, [19, 15, 12])), 4))
          .addBands(image_in.select("classification_2021").where(activacion.eq(1).and(get_mask(2021, image_in, [19, 15, 12])), 4))
          .addBands(image_in.select("classification_2022").where(activacion.eq(1).and(get_mask(2022, image_in, [19, 15, 12])), 4))
          .addBands(image_in.select("classification_2023").where(activacion.eq(1).and(get_mask(2023, image_in, [19, 15, 12])), 4))
          .addBands(image_in.select("classification_2024").where(activacion.eq(1).and(get_mask(2024, image_in, [19, 15, 12])), 4))
  
      vegMap51 = vegMap51.updateMask(vegMap51.neq(0))

      image_in = image_in.where(vegMap51, vegMap51)

      Map.addLayer(image_in,vis1,'Filtro ' + nombre_filtro + ' z' + regiao, false)
      Map.addLayer(activacion,{min:0, max:1, palette: ["yellow","red"]},'Máscara ' + nombre_filtro + 'z ' + regiao, false)
    
  }

 //**********************************************
  //******** Filtro bc z zona 10 
  //**********************************************

  if (aplicar.freq_bc_z10){
      var nombre_filtro = 'freq_bc_z10'
      var moda_no_anv_z10 = moda_no_anv(image_in)
      var i_msk_bc_z10 = bc_z10.reduceToImage(["msk"], ee.Reducer.first())
      var activacion = ee.Image(0)
                             .where((i_msk_bc_z10.eq(1))
                             .and(clase03.gt(30)),
                             1).updateMask(region_raster)
    
      var  vegMap51 =     
                    image_in.select("classification_1985").where(activacion.eq(1).and(get_mask(1985, image_in, [77, 66])), 3)
          .addBands(image_in.select("classification_1986").where(activacion.eq(1).and(get_mask(1986, image_in, [77, 66])), 3))
          .addBands(image_in.select("classification_1987").where(activacion.eq(1).and(get_mask(1987, image_in, [77, 66])), 3))
          .addBands(image_in.select("classification_1988").where(activacion.eq(1).and(get_mask(1988, image_in, [77, 66])), 3))
          .addBands(image_in.select("classification_1989").where(activacion.eq(1).and(get_mask(1989, image_in, [77, 66])), 3))
          .addBands(image_in.select("classification_1990").where(activacion.eq(1).and(get_mask(1990, image_in, [77, 66])), 3))
          .addBands(image_in.select("classification_1991").where(activacion.eq(1).and(get_mask(1991, image_in, [77, 66])), 3))
          .addBands(image_in.select("classification_1992").where(activacion.eq(1).and(get_mask(1992, image_in, [77, 66])), 3))
          .addBands(image_in.select("classification_1993").where(activacion.eq(1).and(get_mask(1993, image_in, [77, 66])), 3))
          .addBands(image_in.select("classification_1994").where(activacion.eq(1).and(get_mask(1994, image_in, [77, 66])), 3))
          .addBands(image_in.select("classification_1995").where(activacion.eq(1).and(get_mask(1995, image_in, [77, 66])), 3))
          .addBands(image_in.select("classification_1996").where(activacion.eq(1).and(get_mask(1996, image_in, [77, 66])), 3))
          .addBands(image_in.select("classification_1997").where(activacion.eq(1).and(get_mask(1997, image_in, [77, 66])), 3))
          .addBands(image_in.select("classification_1998").where(activacion.eq(1).and(get_mask(1998, image_in, [77, 66])), 3))
          .addBands(image_in.select("classification_1999").where(activacion.eq(1).and(get_mask(1999, image_in, [77, 66])), 3))
          
          .addBands(image_in.select("classification_2000").where(activacion.eq(1).and(get_mask(2000, image_in, [66, 77])), 3))
          .addBands(image_in.select("classification_2001").where(activacion.eq(1).and(get_mask(2001, image_in, [66, 77])), 3))
          .addBands(image_in.select("classification_2002").where(activacion.eq(1).and(get_mask(2002, image_in, [66, 77])), 3))
          .addBands(image_in.select("classification_2003").where(activacion.eq(1).and(get_mask(2003, image_in, [66, 77])), 3))
          .addBands(image_in.select("classification_2004").where(activacion.eq(1).and(get_mask(2004, image_in, [66, 77])), 3))
          .addBands(image_in.select("classification_2005").where(activacion.eq(1).and(get_mask(2005, image_in, [66, 77])), 3))
          .addBands(image_in.select("classification_2006").where(activacion.eq(1).and(get_mask(2006, image_in, [66, 77])), 3))
          .addBands(image_in.select("classification_2007").where(activacion.eq(1).and(get_mask(2007, image_in, [66, 77])), 3))
          .addBands(image_in.select("classification_2008").where(activacion.eq(1).and(get_mask(2008, image_in, [66, 77])), 3))
          .addBands(image_in.select("classification_2009").where(activacion.eq(1).and(get_mask(2009, image_in, [66, 77])), 3))
          .addBands(image_in.select("classification_2010").where(activacion.eq(1).and(get_mask(2010, image_in, [66, 77])), 3))
          .addBands(image_in.select("classification_2011").where(activacion.eq(1).and(get_mask(2011, image_in, [66, 77])), 3))
          .addBands(image_in.select("classification_2012").where(activacion.eq(1).and(get_mask(2012, image_in, [66, 77])), 3))
          .addBands(image_in.select("classification_2013").where(activacion.eq(1).and(get_mask(2013, image_in, [66, 77])), 3))
          .addBands(image_in.select("classification_2014").where(activacion.eq(1).and(get_mask(2014, image_in, [66, 77])), 3))
          .addBands(image_in.select("classification_2015").where(activacion.eq(1).and(get_mask(2015, image_in, [66, 77])), 3))
          .addBands(image_in.select("classification_2016").where(activacion.eq(1).and(get_mask(2016, image_in, [66, 77])), 3))
          .addBands(image_in.select("classification_2017").where(activacion.eq(1).and(get_mask(2017, image_in, [66, 77])), 3))
          .addBands(image_in.select("classification_2018").where(activacion.eq(1).and(get_mask(2018, image_in, [66, 77])), 3))
          .addBands(image_in.select("classification_2019").where(activacion.eq(1).and(get_mask(2019, image_in, [66, 77])), 3))
          .addBands(image_in.select("classification_2020").where(activacion.eq(1).and(get_mask(2020, image_in, [66, 77])), 3))
          .addBands(image_in.select("classification_2021").where(activacion.eq(1).and(get_mask(2021, image_in, [66, 77])), 3))
          .addBands(image_in.select("classification_2022").where(activacion.eq(1).and(get_mask(2022, image_in, [66, 77])), 3))
          .addBands(image_in.select("classification_2023").where(activacion.eq(1).and(get_mask(2023, image_in, [66, 77])), 3))
          .addBands(image_in.select("classification_2024").where(activacion.eq(1).and(get_mask(2024, image_in, [66, 77])), 3))
  
      vegMap51 = vegMap51.updateMask(vegMap51.neq(0))

      image_in = image_in.where(vegMap51, vegMap51)

      var activacion = ee.Image(0)
                             .where(clase25.gt(1),
                             1).updateMask(region_raster)
    
      var  vegMap51 =     
                    image_in.select("classification_1985").where(activacion.eq(1).and(get_mask(1985, image_in, [25])), moda_no_anv_z10)
          .addBands(image_in.select("classification_1986").where(activacion.eq(1).and(get_mask(1986, image_in, [25])), moda_no_anv_z10))
          .addBands(image_in.select("classification_1987").where(activacion.eq(1).and(get_mask(1987, image_in, [25])), moda_no_anv_z10))
          .addBands(image_in.select("classification_1988").where(activacion.eq(1).and(get_mask(1988, image_in, [25])), moda_no_anv_z10))
          .addBands(image_in.select("classification_1989").where(activacion.eq(1).and(get_mask(1989, image_in, [25])), moda_no_anv_z10))
          .addBands(image_in.select("classification_1990").where(activacion.eq(1).and(get_mask(1990, image_in, [25])), moda_no_anv_z10))
          .addBands(image_in.select("classification_1991").where(activacion.eq(1).and(get_mask(1991, image_in, [25])), moda_no_anv_z10))
          .addBands(image_in.select("classification_1992").where(activacion.eq(1).and(get_mask(1992, image_in, [25])), moda_no_anv_z10))
          .addBands(image_in.select("classification_1993").where(activacion.eq(1).and(get_mask(1993, image_in, [25])), moda_no_anv_z10))
          .addBands(image_in.select("classification_1994").where(activacion.eq(1).and(get_mask(1994, image_in, [25])), moda_no_anv_z10))
          .addBands(image_in.select("classification_1995").where(activacion.eq(1).and(get_mask(1995, image_in, [25])), moda_no_anv_z10))
          .addBands(image_in.select("classification_1996").where(activacion.eq(1).and(get_mask(1996, image_in, [25])), moda_no_anv_z10))
          .addBands(image_in.select("classification_1997").where(activacion.eq(1).and(get_mask(1997, image_in, [25])), moda_no_anv_z10))
          .addBands(image_in.select("classification_1998").where(activacion.eq(1).and(get_mask(1998, image_in, [25])), moda_no_anv_z10))
          .addBands(image_in.select("classification_1999").where(activacion.eq(1).and(get_mask(1999, image_in, [25])), moda_no_anv_z10))
          
          .addBands(image_in.select("classification_2000").where(activacion.eq(1).and(get_mask(2000, image_in, [25])), moda_no_anv_z10))
          .addBands(image_in.select("classification_2001").where(activacion.eq(1).and(get_mask(2001, image_in, [25])), moda_no_anv_z10))
          .addBands(image_in.select("classification_2002").where(activacion.eq(1).and(get_mask(2002, image_in, [25])), moda_no_anv_z10))
          .addBands(image_in.select("classification_2003").where(activacion.eq(1).and(get_mask(2003, image_in, [25])), moda_no_anv_z10))
          .addBands(image_in.select("classification_2004").where(activacion.eq(1).and(get_mask(2004, image_in, [25])), moda_no_anv_z10))
          .addBands(image_in.select("classification_2005").where(activacion.eq(1).and(get_mask(2005, image_in, [25])), moda_no_anv_z10))
          .addBands(image_in.select("classification_2006").where(activacion.eq(1).and(get_mask(2006, image_in, [25])), moda_no_anv_z10))
          .addBands(image_in.select("classification_2007").where(activacion.eq(1).and(get_mask(2007, image_in, [25])), moda_no_anv_z10))
          .addBands(image_in.select("classification_2008").where(activacion.eq(1).and(get_mask(2008, image_in, [25])), moda_no_anv_z10))
          .addBands(image_in.select("classification_2009").where(activacion.eq(1).and(get_mask(2009, image_in, [25])), moda_no_anv_z10))
          .addBands(image_in.select("classification_2010").where(activacion.eq(1).and(get_mask(2010, image_in, [25])), moda_no_anv_z10))
          .addBands(image_in.select("classification_2011").where(activacion.eq(1).and(get_mask(2011, image_in, [25])), moda_no_anv_z10))
          .addBands(image_in.select("classification_2012").where(activacion.eq(1).and(get_mask(2012, image_in, [25])), moda_no_anv_z10))
          .addBands(image_in.select("classification_2013").where(activacion.eq(1).and(get_mask(2013, image_in, [25])), moda_no_anv_z10))
          .addBands(image_in.select("classification_2014").where(activacion.eq(1).and(get_mask(2014, image_in, [25])), moda_no_anv_z10))
          .addBands(image_in.select("classification_2015").where(activacion.eq(1).and(get_mask(2015, image_in, [25])), moda_no_anv_z10))
          .addBands(image_in.select("classification_2016").where(activacion.eq(1).and(get_mask(2016, image_in, [25])), moda_no_anv_z10))
          .addBands(image_in.select("classification_2017").where(activacion.eq(1).and(get_mask(2017, image_in, [25])), moda_no_anv_z10))
          .addBands(image_in.select("classification_2018").where(activacion.eq(1).and(get_mask(2018, image_in, [25])), moda_no_anv_z10))
          .addBands(image_in.select("classification_2019").where(activacion.eq(1).and(get_mask(2019, image_in, [25])), moda_no_anv_z10))
          .addBands(image_in.select("classification_2020").where(activacion.eq(1).and(get_mask(2020, image_in, [25])), moda_no_anv_z10))
          .addBands(image_in.select("classification_2021").where(activacion.eq(1).and(get_mask(2021, image_in, [25])), moda_no_anv_z10))
          .addBands(image_in.select("classification_2022").where(activacion.eq(1).and(get_mask(2022, image_in, [25])), moda_no_anv_z10))
          .addBands(image_in.select("classification_2023").where(activacion.eq(1).and(get_mask(2023, image_in, [25])), moda_no_anv_z10))
          .addBands(image_in.select("classification_2024").where(activacion.eq(1).and(get_mask(2024, image_in, [25])), moda_no_anv_z10))
  
      vegMap51 = vegMap51.updateMask(vegMap51.neq(0))

      image_in = image_in.where(vegMap51, vegMap51)




      Map.addLayer(image_in,vis1,'Filtro ' + nombre_filtro + ' z' + regiao, false)
      Map.addLayer(activacion,{min:0, max:1, palette: ["yellow","red"]},'Máscara ' + nombre_filtro + 'z ' + regiao, false)
    
  }

 //**********************************************
  //******** Filtro bc z zona 12 
  //**********************************************

  if (aplicar.freq_pz_z12){
      var nombre_filtro = 'freq_pz_z12'
      //var moda_no_inund_1 = moda_no_inund(image_in)
      var i_msk_z12 = z12.reduceToImage(["msk"], ee.Reducer.first())
      var activacion = ee.Image(0)
                             .where((i_msk_z12.eq(1))
                             .and(clase15.gt(30)),
                             1).updateMask(region_raster)
    
      var  vegMap51 =     
                    image_in.select("classification_1985")//.where(activacion.eq(1).and(get_mask(1985, image_in, [19])), 15)
          .addBands(image_in.select("classification_1986"))//.where(activacion.eq(1).and(get_mask(1986, image_in, [19])), 15))
          .addBands(image_in.select("classification_1987").where(activacion.eq(1).and(get_mask(1987, image_in, [19])), 15))
          .addBands(image_in.select("classification_1988").where(activacion.eq(1).and(get_mask(1988, image_in, [19])), 15))
          .addBands(image_in.select("classification_1989").where(activacion.eq(1).and(get_mask(1989, image_in, [19])), 15))
          .addBands(image_in.select("classification_1990").where(activacion.eq(1).and(get_mask(1990, image_in, [19])), 15))
          .addBands(image_in.select("classification_1991").where(activacion.eq(1).and(get_mask(1991, image_in, [19])), 15))
          .addBands(image_in.select("classification_1992").where(activacion.eq(1).and(get_mask(1992, image_in, [19])), 15))
          .addBands(image_in.select("classification_1993").where(activacion.eq(1).and(get_mask(1993, image_in, [19])), 15))
          .addBands(image_in.select("classification_1994").where(activacion.eq(1).and(get_mask(1994, image_in, [19])), 15))
          .addBands(image_in.select("classification_1995").where(activacion.eq(1).and(get_mask(1995, image_in, [19])), 15))
          .addBands(image_in.select("classification_1996").where(activacion.eq(1).and(get_mask(1996, image_in, [19])), 15))
          .addBands(image_in.select("classification_1997").where(activacion.eq(1).and(get_mask(1997, image_in, [19])), 15))
          .addBands(image_in.select("classification_1998"))//.where(activacion.eq(1).and(get_mask(1998, image_in, [19])), 15))
          .addBands(image_in.select("classification_1999"))//.where(activacion.eq(1).and(get_mask(1999, image_in, [19])), 15))
          
          .addBands(image_in.select("classification_2000"))//.where(activacion.eq(1).and(get_mask(2000, image_in, [19])), 15))
          .addBands(image_in.select("classification_2001"))//.where(activacion.eq(1).and(get_mask(2001, image_in, [19])), 15))
          .addBands(image_in.select("classification_2002"))//.where(activacion.eq(1).and(get_mask(2002, image_in, [19])), 15))
          .addBands(image_in.select("classification_2003"))//.where(activacion.eq(1).and(get_mask(2003, image_in, [19])), 15))
          .addBands(image_in.select("classification_2004"))//.where(activacion.eq(1).and(get_mask(2004, image_in, [19])), 15))
          .addBands(image_in.select("classification_2005"))//.where(activacion.eq(1).and(get_mask(2005, image_in, [19])), 15))
          .addBands(image_in.select("classification_2006"))//.where(activacion.eq(1).and(get_mask(2006, image_in, [19])), 15))
          .addBands(image_in.select("classification_2007"))//.where(activacion.eq(1).and(get_mask(2007, image_in, [19])), 15))
          .addBands(image_in.select("classification_2008"))//.where(activacion.eq(1).and(get_mask(2008, image_in, [19])), 15))
          .addBands(image_in.select("classification_2009"))//.where(activacion.eq(1).and(get_mask(2009, image_in, [19])), 15))
          .addBands(image_in.select("classification_2010"))//.where(activacion.eq(1).and(get_mask(2010, image_in, [19])), 15))
          .addBands(image_in.select("classification_2011"))//.where(activacion.eq(1).and(get_mask(2011, image_in, [19])), 15))
          .addBands(image_in.select("classification_2012"))//.where(activacion.eq(1).and(get_mask(2012, image_in, [19])), 15))
          .addBands(image_in.select("classification_2013"))//.where(activacion.eq(1).and(get_mask(2013, image_in, [19])), 15))
          .addBands(image_in.select("classification_2014"))//.where(activacion.eq(1).and(get_mask(2014, image_in, [19])), 15))
          .addBands(image_in.select("classification_2015"))//.where(activacion.eq(1).and(get_mask(2015, image_in, [19])), 15))
          .addBands(image_in.select("classification_2016"))//.where(activacion.eq(1).and(get_mask(2016, image_in, [19])), 15))
          .addBands(image_in.select("classification_2017"))//.where(activacion.eq(1).and(get_mask(2017, image_in, [19])), 15))
          .addBands(image_in.select("classification_2018"))//.where(activacion.eq(1).and(get_mask(2018, image_in, [19])), 15))
          .addBands(image_in.select("classification_2019"))//.where(activacion.eq(1).and(get_mask(2019, image_in, [19])), 15))
          .addBands(image_in.select("classification_2020"))//.where(activacion.eq(1).and(get_mask(2020, image_in, [19])), 15))
          .addBands(image_in.select("classification_2021"))//.where(activacion.eq(1).and(get_mask(2021, image_in, [19])), 15))
          .addBands(image_in.select("classification_2022"))//.where(activacion.eq(1).and(get_mask(2022, image_in, [19])), 15))
          .addBands(image_in.select("classification_2023"))//.where(activacion.eq(1).and(get_mask(2023, image_in, [19])), 15))
          .addBands(image_in.select("classification_2024"))//.where(activacion.eq(1).and(get_mask(2024, image_in, [19])), 15))
  
      vegMap51 = vegMap51.updateMask(vegMap51.neq(0))

      image_in = image_in.where(vegMap51, vegMap51)

      Map.addLayer(image_in,vis1,'Filtro ' + nombre_filtro + ' z' + regiao, false)
      Map.addLayer(activacion,{min:0, max:1, palette: ["yellow","red"]},'Máscara ' + nombre_filtro + 'z ' + regiao, false)
    
  }

 //**********************************************
  //******** Filtro bc z zona 3 
  //**********************************************

  if (aplicar.freq_z3){
      var nombre_filtro = 'freq_z3'
      //var moda_no_inund_1 = moda_no_inund(image_in)
      var i_msk_z5 = msk_z5.reduceToImage(["msk"], ee.Reducer.first())
      var activacion = ee.Image(0)
                             .where(clase11.gt(5)
                             .and(i_msk_z5.eq(1)),
                             1).updateMask(region_raster)
    
      var  vegMap51 =     
                    image_in.select("classification_1985").where(activacion.eq(1).and(get_mask(1985, image_in, [6])), 11)
          .addBands(image_in.select("classification_1986").where(activacion.eq(1).and(get_mask(1986, image_in, [6])), 11))
          .addBands(image_in.select("classification_1987").where(activacion.eq(1).and(get_mask(1987, image_in, [6])), 11))
          .addBands(image_in.select("classification_1988").where(activacion.eq(1).and(get_mask(1988, image_in, [6])), 11))
          .addBands(image_in.select("classification_1989").where(activacion.eq(1).and(get_mask(1989, image_in, [6])), 11))
          .addBands(image_in.select("classification_1990").where(activacion.eq(1).and(get_mask(1990, image_in, [6])), 11))
          .addBands(image_in.select("classification_1991").where(activacion.eq(1).and(get_mask(1991, image_in, [6])), 11))
          .addBands(image_in.select("classification_1992").where(activacion.eq(1).and(get_mask(1992, image_in, [6])), 11))
          .addBands(image_in.select("classification_1993").where(activacion.eq(1).and(get_mask(1993, image_in, [6])), 11))
          .addBands(image_in.select("classification_1994").where(activacion.eq(1).and(get_mask(1994, image_in, [6])), 11))
          .addBands(image_in.select("classification_1995").where(activacion.eq(1).and(get_mask(1995, image_in, [6])), 11))
          .addBands(image_in.select("classification_1996").where(activacion.eq(1).and(get_mask(1996, image_in, [6])), 11))
          .addBands(image_in.select("classification_1997").where(activacion.eq(1).and(get_mask(1997, image_in, [6])), 11))
          .addBands(image_in.select("classification_1998").where(activacion.eq(1).and(get_mask(1998, image_in, [6])), 11))
          .addBands(image_in.select("classification_1999").where(activacion.eq(1).and(get_mask(1999, image_in, [6])), 11))
          
          .addBands(image_in.select("classification_2000").where(activacion.eq(1).and(get_mask(2000, image_in, [6])), 11))
          .addBands(image_in.select("classification_2001").where(activacion.eq(1).and(get_mask(2001, image_in, [6])), 11))
          .addBands(image_in.select("classification_2002").where(activacion.eq(1).and(get_mask(2002, image_in, [6])), 11))
          .addBands(image_in.select("classification_2003").where(activacion.eq(1).and(get_mask(2003, image_in, [6])), 11))
          .addBands(image_in.select("classification_2004").where(activacion.eq(1).and(get_mask(2004, image_in, [6])), 11))
          .addBands(image_in.select("classification_2005").where(activacion.eq(1).and(get_mask(2005, image_in, [6])), 11))
          .addBands(image_in.select("classification_2006").where(activacion.eq(1).and(get_mask(2006, image_in, [6])), 11))
          .addBands(image_in.select("classification_2007").where(activacion.eq(1).and(get_mask(2007, image_in, [6])), 11))
          .addBands(image_in.select("classification_2008").where(activacion.eq(1).and(get_mask(2008, image_in, [6])), 11))
          .addBands(image_in.select("classification_2009").where(activacion.eq(1).and(get_mask(2009, image_in, [6])), 11))
          .addBands(image_in.select("classification_2010").where(activacion.eq(1).and(get_mask(2010, image_in, [6])), 11))
          .addBands(image_in.select("classification_2011").where(activacion.eq(1).and(get_mask(2011, image_in, [6])), 11))
          .addBands(image_in.select("classification_2012").where(activacion.eq(1).and(get_mask(2012, image_in, [6])), 11))
          .addBands(image_in.select("classification_2013").where(activacion.eq(1).and(get_mask(2013, image_in, [6])), 11))
          .addBands(image_in.select("classification_2014").where(activacion.eq(1).and(get_mask(2014, image_in, [6])), 11))
          .addBands(image_in.select("classification_2015").where(activacion.eq(1).and(get_mask(2015, image_in, [6])), 11))
          .addBands(image_in.select("classification_2016").where(activacion.eq(1).and(get_mask(2016, image_in, [6])), 11))
          .addBands(image_in.select("classification_2017").where(activacion.eq(1).and(get_mask(2017, image_in, [6])), 11))
          .addBands(image_in.select("classification_2018").where(activacion.eq(1).and(get_mask(2018, image_in, [6])), 11))
          .addBands(image_in.select("classification_2019").where(activacion.eq(1).and(get_mask(2019, image_in, [6])), 11))
          .addBands(image_in.select("classification_2020").where(activacion.eq(1).and(get_mask(2020, image_in, [6])), 11))
          .addBands(image_in.select("classification_2021").where(activacion.eq(1).and(get_mask(2021, image_in, [6])), 11))
          .addBands(image_in.select("classification_2022").where(activacion.eq(1).and(get_mask(2022, image_in, [6])), 11))
          .addBands(image_in.select("classification_2023").where(activacion.eq(1).and(get_mask(2023, image_in, [6])), 11))
          .addBands(image_in.select("classification_2024").where(activacion.eq(1).and(get_mask(2024, image_in, [6])), 11))
  
      vegMap51 = vegMap51.updateMask(vegMap51.neq(0))

      image_in = image_in.where(vegMap51, vegMap51)

      var i_msk_z5 = msk_z5.reduceToImage(["msk"], ee.Reducer.first())
      var activacion = ee.Image(0)
                             .where(clase12.gt(20)
                             .and(i_msk_z5.eq(1)),
                             1).updateMask(region_raster)
    
      var  vegMap51 =     
                    image_in.select("classification_1985").where(activacion.eq(1).and(get_mask(1985, image_in, [6])), 12)
          .addBands(image_in.select("classification_1986").where(activacion.eq(1).and(get_mask(1986, image_in, [6])), 12))
          .addBands(image_in.select("classification_1987").where(activacion.eq(1).and(get_mask(1987, image_in, [6])), 12))
          .addBands(image_in.select("classification_1988").where(activacion.eq(1).and(get_mask(1988, image_in, [6])), 12))
          .addBands(image_in.select("classification_1989").where(activacion.eq(1).and(get_mask(1989, image_in, [6])), 12))
          .addBands(image_in.select("classification_1990").where(activacion.eq(1).and(get_mask(1990, image_in, [6])), 12))
          .addBands(image_in.select("classification_1991").where(activacion.eq(1).and(get_mask(1991, image_in, [6])), 12))
          .addBands(image_in.select("classification_1992").where(activacion.eq(1).and(get_mask(1992, image_in, [6])), 12))
          .addBands(image_in.select("classification_1993").where(activacion.eq(1).and(get_mask(1993, image_in, [6])), 12))
          .addBands(image_in.select("classification_1994").where(activacion.eq(1).and(get_mask(1994, image_in, [6])), 12))
          .addBands(image_in.select("classification_1995").where(activacion.eq(1).and(get_mask(1995, image_in, [6])), 12))
          .addBands(image_in.select("classification_1996").where(activacion.eq(1).and(get_mask(1996, image_in, [6])), 12))
          .addBands(image_in.select("classification_1997").where(activacion.eq(1).and(get_mask(1997, image_in, [6])), 12))
          .addBands(image_in.select("classification_1998").where(activacion.eq(1).and(get_mask(1998, image_in, [6])), 12))
          .addBands(image_in.select("classification_1999").where(activacion.eq(1).and(get_mask(1999, image_in, [6])), 12))
          
          .addBands(image_in.select("classification_2000").where(activacion.eq(1).and(get_mask(2000, image_in, [6])), 12))
          .addBands(image_in.select("classification_2001").where(activacion.eq(1).and(get_mask(2001, image_in, [6])), 12))
          .addBands(image_in.select("classification_2002").where(activacion.eq(1).and(get_mask(2002, image_in, [6])), 12))
          .addBands(image_in.select("classification_2003").where(activacion.eq(1).and(get_mask(2003, image_in, [6])), 12))
          .addBands(image_in.select("classification_2004").where(activacion.eq(1).and(get_mask(2004, image_in, [6])), 12))
          .addBands(image_in.select("classification_2005").where(activacion.eq(1).and(get_mask(2005, image_in, [6])), 12))
          .addBands(image_in.select("classification_2006").where(activacion.eq(1).and(get_mask(2006, image_in, [6])), 12))
          .addBands(image_in.select("classification_2007").where(activacion.eq(1).and(get_mask(2007, image_in, [6])), 12))
          .addBands(image_in.select("classification_2008").where(activacion.eq(1).and(get_mask(2008, image_in, [6])), 12))
          .addBands(image_in.select("classification_2009").where(activacion.eq(1).and(get_mask(2009, image_in, [6])), 12))
          .addBands(image_in.select("classification_2010").where(activacion.eq(1).and(get_mask(2010, image_in, [6])), 12))
          .addBands(image_in.select("classification_2011").where(activacion.eq(1).and(get_mask(2011, image_in, [6])), 12))
          .addBands(image_in.select("classification_2012").where(activacion.eq(1).and(get_mask(2012, image_in, [6])), 12))
          .addBands(image_in.select("classification_2013").where(activacion.eq(1).and(get_mask(2013, image_in, [6])), 12))
          .addBands(image_in.select("classification_2014").where(activacion.eq(1).and(get_mask(2014, image_in, [6])), 12))
          .addBands(image_in.select("classification_2015").where(activacion.eq(1).and(get_mask(2015, image_in, [6])), 12))
          .addBands(image_in.select("classification_2016").where(activacion.eq(1).and(get_mask(2016, image_in, [6])), 12))
          .addBands(image_in.select("classification_2017").where(activacion.eq(1).and(get_mask(2017, image_in, [6])), 12))
          .addBands(image_in.select("classification_2018").where(activacion.eq(1).and(get_mask(2018, image_in, [6])), 12))
          .addBands(image_in.select("classification_2019").where(activacion.eq(1).and(get_mask(2019, image_in, [6])), 12))
          .addBands(image_in.select("classification_2020").where(activacion.eq(1).and(get_mask(2020, image_in, [6])), 12))
          .addBands(image_in.select("classification_2021").where(activacion.eq(1).and(get_mask(2021, image_in, [6])), 12))
          .addBands(image_in.select("classification_2022").where(activacion.eq(1).and(get_mask(2022, image_in, [6])), 12))
          .addBands(image_in.select("classification_2023").where(activacion.eq(1).and(get_mask(2023, image_in, [6])), 12))
          .addBands(image_in.select("classification_2024").where(activacion.eq(1).and(get_mask(2024, image_in, [6])), 12))
  
      vegMap51 = vegMap51.updateMask(vegMap51.neq(0))

      image_in = image_in.where(vegMap51, vegMap51)

      var i_msk_z5_pz = msk_z5_pz.reduceToImage(["msk"], ee.Reducer.first())
      var activacion = ee.Image(0)
                             .where(i_msk_z5_pz.eq(1),
                             1).updateMask(region_raster)
    
      var  vegMap51 =     
                    image_in.select("classification_1985").where(activacion.eq(1).and(get_mask(1985, image_in, [12])), 11)
          .addBands(image_in.select("classification_1986").where(activacion.eq(1).and(get_mask(1986, image_in, [12])), 11))
          .addBands(image_in.select("classification_1987").where(activacion.eq(1).and(get_mask(1987, image_in, [12])), 11))
          .addBands(image_in.select("classification_1988").where(activacion.eq(1).and(get_mask(1988, image_in, [12])), 11))
          .addBands(image_in.select("classification_1989").where(activacion.eq(1).and(get_mask(1989, image_in, [12])), 11))
          .addBands(image_in.select("classification_1990").where(activacion.eq(1).and(get_mask(1990, image_in, [12])), 11))
          .addBands(image_in.select("classification_1991").where(activacion.eq(1).and(get_mask(1991, image_in, [12])), 11))
          .addBands(image_in.select("classification_1992").where(activacion.eq(1).and(get_mask(1992, image_in, [12])), 11))
          .addBands(image_in.select("classification_1993").where(activacion.eq(1).and(get_mask(1993, image_in, [12])), 11))
          .addBands(image_in.select("classification_1994").where(activacion.eq(1).and(get_mask(1994, image_in, [12])), 11))
          .addBands(image_in.select("classification_1995").where(activacion.eq(1).and(get_mask(1995, image_in, [12])), 11))
          .addBands(image_in.select("classification_1996").where(activacion.eq(1).and(get_mask(1996, image_in, [12])), 11))
          .addBands(image_in.select("classification_1997").where(activacion.eq(1).and(get_mask(1997, image_in, [12])), 11))
          .addBands(image_in.select("classification_1998").where(activacion.eq(1).and(get_mask(1998, image_in, [12])), 11))
          .addBands(image_in.select("classification_1999").where(activacion.eq(1).and(get_mask(1999, image_in, [12])), 11))
          
          .addBands(image_in.select("classification_2000").where(activacion.eq(1).and(get_mask(2000, image_in, [12])), 11))
          .addBands(image_in.select("classification_2001").where(activacion.eq(1).and(get_mask(2001, image_in, [12])), 11))
          .addBands(image_in.select("classification_2002").where(activacion.eq(1).and(get_mask(2002, image_in, [12])), 11))
          .addBands(image_in.select("classification_2003").where(activacion.eq(1).and(get_mask(2003, image_in, [12])), 11))
          .addBands(image_in.select("classification_2004").where(activacion.eq(1).and(get_mask(2004, image_in, [12])), 11))
          .addBands(image_in.select("classification_2005").where(activacion.eq(1).and(get_mask(2005, image_in, [12])), 11))
          .addBands(image_in.select("classification_2006").where(activacion.eq(1).and(get_mask(2006, image_in, [12])), 11))
          .addBands(image_in.select("classification_2007").where(activacion.eq(1).and(get_mask(2007, image_in, [12])), 11))
          .addBands(image_in.select("classification_2008").where(activacion.eq(1).and(get_mask(2008, image_in, [12])), 11))
          .addBands(image_in.select("classification_2009").where(activacion.eq(1).and(get_mask(2009, image_in, [12])), 11))
          .addBands(image_in.select("classification_2010").where(activacion.eq(1).and(get_mask(2010, image_in, [12])), 11))
          .addBands(image_in.select("classification_2011").where(activacion.eq(1).and(get_mask(2011, image_in, [12])), 11))
          .addBands(image_in.select("classification_2012").where(activacion.eq(1).and(get_mask(2012, image_in, [12])), 11))
          .addBands(image_in.select("classification_2013").where(activacion.eq(1).and(get_mask(2013, image_in, [12])), 11))
          .addBands(image_in.select("classification_2014").where(activacion.eq(1).and(get_mask(2014, image_in, [12])), 11))
          .addBands(image_in.select("classification_2015").where(activacion.eq(1).and(get_mask(2015, image_in, [12])), 11))
          .addBands(image_in.select("classification_2016").where(activacion.eq(1).and(get_mask(2016, image_in, [12])), 11))
          .addBands(image_in.select("classification_2017").where(activacion.eq(1).and(get_mask(2017, image_in, [12])), 11))
          .addBands(image_in.select("classification_2018").where(activacion.eq(1).and(get_mask(2018, image_in, [12])), 11))
          .addBands(image_in.select("classification_2019").where(activacion.eq(1).and(get_mask(2019, image_in, [12])), 11))
          .addBands(image_in.select("classification_2020").where(activacion.eq(1).and(get_mask(2020, image_in, [12])), 11))
          .addBands(image_in.select("classification_2021").where(activacion.eq(1).and(get_mask(2021, image_in, [12])), 11))
          .addBands(image_in.select("classification_2022").where(activacion.eq(1).and(get_mask(2022, image_in, [12])), 11))
          .addBands(image_in.select("classification_2023").where(activacion.eq(1).and(get_mask(2023, image_in, [12])), 11))
          .addBands(image_in.select("classification_2024").where(activacion.eq(1).and(get_mask(2024, image_in, [12])), 11))
  
      vegMap51 = vegMap51.updateMask(vegMap51.neq(0))

      image_in = image_in.where(vegMap51, vegMap51)


      var i_msk_z3_pz = msk_z3_pz.reduceToImage(["msk"], ee.Reducer.first())
      var activacion = ee.Image(0)
                             .where(i_msk_z3_pz.eq(1),
                             1).updateMask(region_raster)
    
      var  vegMap51 =     
                    image_in.select("classification_1985").where(activacion.eq(1).and(get_mask(1985, image_in, [12])), 6)
          .addBands(image_in.select("classification_1986").where(activacion.eq(1).and(get_mask(1986, image_in, [12])), 6))
          .addBands(image_in.select("classification_1987").where(activacion.eq(1).and(get_mask(1987, image_in, [12])), 6))
          .addBands(image_in.select("classification_1988").where(activacion.eq(1).and(get_mask(1988, image_in, [12])), 6))
          .addBands(image_in.select("classification_1989").where(activacion.eq(1).and(get_mask(1989, image_in, [12])), 6))
          .addBands(image_in.select("classification_1990").where(activacion.eq(1).and(get_mask(1990, image_in, [12])), 6))
          .addBands(image_in.select("classification_1991").where(activacion.eq(1).and(get_mask(1991, image_in, [12])), 6))
          .addBands(image_in.select("classification_1992").where(activacion.eq(1).and(get_mask(1992, image_in, [12])), 6))
          .addBands(image_in.select("classification_1993").where(activacion.eq(1).and(get_mask(1993, image_in, [12])), 6))
          .addBands(image_in.select("classification_1994").where(activacion.eq(1).and(get_mask(1994, image_in, [12])), 6))
          .addBands(image_in.select("classification_1995").where(activacion.eq(1).and(get_mask(1995, image_in, [12])), 6))
          .addBands(image_in.select("classification_1996").where(activacion.eq(1).and(get_mask(1996, image_in, [12])), 6))
          .addBands(image_in.select("classification_1997").where(activacion.eq(1).and(get_mask(1997, image_in, [12])), 6))
          .addBands(image_in.select("classification_1998").where(activacion.eq(1).and(get_mask(1998, image_in, [12])), 6))
          .addBands(image_in.select("classification_1999").where(activacion.eq(1).and(get_mask(1999, image_in, [12])), 6))
          
          .addBands(image_in.select("classification_2000").where(activacion.eq(1).and(get_mask(2000, image_in, [12])), 6))
          .addBands(image_in.select("classification_2001").where(activacion.eq(1).and(get_mask(2001, image_in, [12])), 6))
          .addBands(image_in.select("classification_2002").where(activacion.eq(1).and(get_mask(2002, image_in, [12])), 6))
          .addBands(image_in.select("classification_2003").where(activacion.eq(1).and(get_mask(2003, image_in, [12])), 6))
          .addBands(image_in.select("classification_2004").where(activacion.eq(1).and(get_mask(2004, image_in, [12])), 6))
          .addBands(image_in.select("classification_2005").where(activacion.eq(1).and(get_mask(2005, image_in, [12])), 6))
          .addBands(image_in.select("classification_2006").where(activacion.eq(1).and(get_mask(2006, image_in, [12])), 6))
          .addBands(image_in.select("classification_2007").where(activacion.eq(1).and(get_mask(2007, image_in, [12])), 6))
          .addBands(image_in.select("classification_2008").where(activacion.eq(1).and(get_mask(2008, image_in, [12])), 6))
          .addBands(image_in.select("classification_2009").where(activacion.eq(1).and(get_mask(2009, image_in, [12])), 6))
          .addBands(image_in.select("classification_2010").where(activacion.eq(1).and(get_mask(2010, image_in, [12])), 6))
          .addBands(image_in.select("classification_2011").where(activacion.eq(1).and(get_mask(2011, image_in, [12])), 6))
          .addBands(image_in.select("classification_2012").where(activacion.eq(1).and(get_mask(2012, image_in, [12])), 6))
          .addBands(image_in.select("classification_2013").where(activacion.eq(1).and(get_mask(2013, image_in, [12])), 6))
          .addBands(image_in.select("classification_2014").where(activacion.eq(1).and(get_mask(2014, image_in, [12])), 6))
          .addBands(image_in.select("classification_2015").where(activacion.eq(1).and(get_mask(2015, image_in, [12])), 6))
          .addBands(image_in.select("classification_2016").where(activacion.eq(1).and(get_mask(2016, image_in, [12])), 6))
          .addBands(image_in.select("classification_2017").where(activacion.eq(1).and(get_mask(2017, image_in, [12])), 6))
          .addBands(image_in.select("classification_2018").where(activacion.eq(1).and(get_mask(2018, image_in, [12])), 6))
          .addBands(image_in.select("classification_2019").where(activacion.eq(1).and(get_mask(2019, image_in, [12])), 6))
          .addBands(image_in.select("classification_2020").where(activacion.eq(1).and(get_mask(2020, image_in, [12])), 6))
          .addBands(image_in.select("classification_2021").where(activacion.eq(1).and(get_mask(2021, image_in, [12])), 6))
          .addBands(image_in.select("classification_2022").where(activacion.eq(1).and(get_mask(2022, image_in, [12])), 6))
          .addBands(image_in.select("classification_2023").where(activacion.eq(1).and(get_mask(2023, image_in, [12])), 6))
          .addBands(image_in.select("classification_2024").where(activacion.eq(1).and(get_mask(2024, image_in, [12])), 6))
  
      vegMap51 = vegMap51.updateMask(vegMap51.neq(0))

      image_in = image_in.where(vegMap51, vegMap51)


      var i_msk_z3 = msk_z3.reduceToImage(["msk"], ee.Reducer.first())
      var activacion = ee.Image(0)
                             .where(clase11.gt(10)
                             .and(i_msk_z3.eq(1)),
                             1).updateMask(region_raster)
    
      var  vegMap51 =     
                    image_in.select("classification_1985").where(activacion.eq(1).and(get_mask(1985, image_in, [6, 12])), 11)
          .addBands(image_in.select("classification_1986").where(activacion.eq(1).and(get_mask(1986, image_in, [6, 12])), 11))
          .addBands(image_in.select("classification_1987").where(activacion.eq(1).and(get_mask(1987, image_in, [6, 12])), 11))
          .addBands(image_in.select("classification_1988").where(activacion.eq(1).and(get_mask(1988, image_in, [6, 12])), 11))
          .addBands(image_in.select("classification_1989").where(activacion.eq(1).and(get_mask(1989, image_in, [6, 12])), 11))
          .addBands(image_in.select("classification_1990").where(activacion.eq(1).and(get_mask(1990, image_in, [6, 12])), 11))
          .addBands(image_in.select("classification_1991").where(activacion.eq(1).and(get_mask(1991, image_in, [6, 12])), 11))
          .addBands(image_in.select("classification_1992").where(activacion.eq(1).and(get_mask(1992, image_in, [6, 12])), 11))
          .addBands(image_in.select("classification_1993").where(activacion.eq(1).and(get_mask(1993, image_in, [6, 12])), 11))
          .addBands(image_in.select("classification_1994").where(activacion.eq(1).and(get_mask(1994, image_in, [6, 12])), 11))
          .addBands(image_in.select("classification_1995").where(activacion.eq(1).and(get_mask(1995, image_in, [6, 12])), 11))
          .addBands(image_in.select("classification_1996").where(activacion.eq(1).and(get_mask(1996, image_in, [6, 12])), 11))
          .addBands(image_in.select("classification_1997").where(activacion.eq(1).and(get_mask(1997, image_in, [6, 12])), 11))
          .addBands(image_in.select("classification_1998").where(activacion.eq(1).and(get_mask(1998, image_in, [6, 12])), 11))
          .addBands(image_in.select("classification_1999").where(activacion.eq(1).and(get_mask(1999, image_in, [6, 12])), 11))
          
          .addBands(image_in.select("classification_2000").where(activacion.eq(1).and(get_mask(2000, image_in, [6, 12])), 11))
          .addBands(image_in.select("classification_2001").where(activacion.eq(1).and(get_mask(2001, image_in, [6, 12])), 11))
          .addBands(image_in.select("classification_2002").where(activacion.eq(1).and(get_mask(2002, image_in, [6, 12])), 11))
          .addBands(image_in.select("classification_2003").where(activacion.eq(1).and(get_mask(2003, image_in, [6, 12])), 11))
          .addBands(image_in.select("classification_2004").where(activacion.eq(1).and(get_mask(2004, image_in, [6, 12])), 11))
          .addBands(image_in.select("classification_2005").where(activacion.eq(1).and(get_mask(2005, image_in, [6, 12])), 11))
          .addBands(image_in.select("classification_2006").where(activacion.eq(1).and(get_mask(2006, image_in, [6, 12])), 11))
          .addBands(image_in.select("classification_2007").where(activacion.eq(1).and(get_mask(2007, image_in, [6, 12])), 11))
          .addBands(image_in.select("classification_2008").where(activacion.eq(1).and(get_mask(2008, image_in, [6, 12])), 11))
          .addBands(image_in.select("classification_2009").where(activacion.eq(1).and(get_mask(2009, image_in, [6, 12])), 11))
          .addBands(image_in.select("classification_2010").where(activacion.eq(1).and(get_mask(2010, image_in, [6, 12])), 11))
          .addBands(image_in.select("classification_2011").where(activacion.eq(1).and(get_mask(2011, image_in, [6, 12])), 11))
          .addBands(image_in.select("classification_2012").where(activacion.eq(1).and(get_mask(2012, image_in, [6, 12])), 11))
          .addBands(image_in.select("classification_2013").where(activacion.eq(1).and(get_mask(2013, image_in, [6, 12])), 11))
          .addBands(image_in.select("classification_2014").where(activacion.eq(1).and(get_mask(2014, image_in, [6, 12])), 11))
          .addBands(image_in.select("classification_2015").where(activacion.eq(1).and(get_mask(2015, image_in, [6, 12])), 11))
          .addBands(image_in.select("classification_2016").where(activacion.eq(1).and(get_mask(2016, image_in, [6, 12])), 11))
          .addBands(image_in.select("classification_2017").where(activacion.eq(1).and(get_mask(2017, image_in, [6, 12])), 11))
          .addBands(image_in.select("classification_2018").where(activacion.eq(1).and(get_mask(2018, image_in, [6, 12])), 11))
          .addBands(image_in.select("classification_2019").where(activacion.eq(1).and(get_mask(2019, image_in, [6, 12])), 11))
          .addBands(image_in.select("classification_2020").where(activacion.eq(1).and(get_mask(2020, image_in, [6, 12])), 11))
          .addBands(image_in.select("classification_2021").where(activacion.eq(1).and(get_mask(2021, image_in, [6, 12])), 11))
          .addBands(image_in.select("classification_2022").where(activacion.eq(1).and(get_mask(2022, image_in, [6, 12])), 11))
          .addBands(image_in.select("classification_2023").where(activacion.eq(1).and(get_mask(2023, image_in, [6, 12])), 11))
          .addBands(image_in.select("classification_2024").where(activacion.eq(1).and(get_mask(2024, image_in, [6, 12])), 11))
  
      vegMap51 = vegMap51.updateMask(vegMap51.neq(0))

      image_in = image_in.where(vegMap51, vegMap51)



      var activacion = ee.Image(0)
                             .where(clase06.gt(55),
                             1).updateMask(region_raster)
    
      var  vegMap51 =     
                    image_in.select("classification_1985").where(activacion.eq(1).and(get_mask(1985, image_in, [11, 9])), 6)
          .addBands(image_in.select("classification_1986").where(activacion.eq(1).and(get_mask(1986, image_in, [11, 9])), 6))
          .addBands(image_in.select("classification_1987").where(activacion.eq(1).and(get_mask(1987, image_in, [11, 9])), 6))
          .addBands(image_in.select("classification_1988").where(activacion.eq(1).and(get_mask(1988, image_in, [11, 9])), 6))
          .addBands(image_in.select("classification_1989").where(activacion.eq(1).and(get_mask(1989, image_in, [11, 9])), 6))
          .addBands(image_in.select("classification_1990").where(activacion.eq(1).and(get_mask(1990, image_in, [11, 9])), 6))
          .addBands(image_in.select("classification_1991").where(activacion.eq(1).and(get_mask(1991, image_in, [11, 9])), 6))
          .addBands(image_in.select("classification_1992").where(activacion.eq(1).and(get_mask(1992, image_in, [11, 9])), 6))
          .addBands(image_in.select("classification_1993").where(activacion.eq(1).and(get_mask(1993, image_in, [11, 9])), 6))
          .addBands(image_in.select("classification_1994").where(activacion.eq(1).and(get_mask(1994, image_in, [11, 9])), 6))
          .addBands(image_in.select("classification_1995").where(activacion.eq(1).and(get_mask(1995, image_in, [11, 9])), 6))
          .addBands(image_in.select("classification_1996").where(activacion.eq(1).and(get_mask(1996, image_in, [11, 9])), 6))
          .addBands(image_in.select("classification_1997").where(activacion.eq(1).and(get_mask(1997, image_in, [11, 9])), 6))
          .addBands(image_in.select("classification_1998").where(activacion.eq(1).and(get_mask(1998, image_in, [11, 9])), 6))
          .addBands(image_in.select("classification_1999").where(activacion.eq(1).and(get_mask(1999, image_in, [11, 9])), 6))
          
          .addBands(image_in.select("classification_2000").where(activacion.eq(1).and(get_mask(2000, image_in, [11, 9])), 6))
          .addBands(image_in.select("classification_2001").where(activacion.eq(1).and(get_mask(2001, image_in, [11, 9])), 6))
          .addBands(image_in.select("classification_2002").where(activacion.eq(1).and(get_mask(2002, image_in, [11, 9])), 6))
          .addBands(image_in.select("classification_2003").where(activacion.eq(1).and(get_mask(2003, image_in, [11, 9])), 6))
          .addBands(image_in.select("classification_2004").where(activacion.eq(1).and(get_mask(2004, image_in, [11, 9])), 6))
          .addBands(image_in.select("classification_2005").where(activacion.eq(1).and(get_mask(2005, image_in, [11, 9])), 6))
          .addBands(image_in.select("classification_2006").where(activacion.eq(1).and(get_mask(2006, image_in, [11, 9])), 6))
          .addBands(image_in.select("classification_2007").where(activacion.eq(1).and(get_mask(2007, image_in, [11, 9])), 6))
          .addBands(image_in.select("classification_2008").where(activacion.eq(1).and(get_mask(2008, image_in, [11, 9])), 6))
          .addBands(image_in.select("classification_2009").where(activacion.eq(1).and(get_mask(2009, image_in, [11, 9])), 6))
          .addBands(image_in.select("classification_2010").where(activacion.eq(1).and(get_mask(2010, image_in, [11, 9])), 6))
          .addBands(image_in.select("classification_2011").where(activacion.eq(1).and(get_mask(2011, image_in, [11, 9])), 6))
          .addBands(image_in.select("classification_2012").where(activacion.eq(1).and(get_mask(2012, image_in, [11, 9])), 6))
          .addBands(image_in.select("classification_2013").where(activacion.eq(1).and(get_mask(2013, image_in, [11, 9])), 6))
          .addBands(image_in.select("classification_2014").where(activacion.eq(1).and(get_mask(2014, image_in, [11, 9])), 6))
          .addBands(image_in.select("classification_2015").where(activacion.eq(1).and(get_mask(2015, image_in, [11, 9])), 6))
          .addBands(image_in.select("classification_2016").where(activacion.eq(1).and(get_mask(2016, image_in, [11, 9])), 6))
          .addBands(image_in.select("classification_2017").where(activacion.eq(1).and(get_mask(2017, image_in, [11, 9])), 6))
          .addBands(image_in.select("classification_2018").where(activacion.eq(1).and(get_mask(2018, image_in, [11, 9])), 6))
          .addBands(image_in.select("classification_2019").where(activacion.eq(1).and(get_mask(2019, image_in, [11, 9])), 6))
          .addBands(image_in.select("classification_2020").where(activacion.eq(1).and(get_mask(2020, image_in, [11, 9])), 6))
          .addBands(image_in.select("classification_2021").where(activacion.eq(1).and(get_mask(2021, image_in, [11, 9])), 6))
          .addBands(image_in.select("classification_2022").where(activacion.eq(1).and(get_mask(2022, image_in, [11, 9])), 6))
          .addBands(image_in.select("classification_2023").where(activacion.eq(1).and(get_mask(2023, image_in, [11, 9])), 6))
          .addBands(image_in.select("classification_2024").where(activacion.eq(1).and(get_mask(2024, image_in, [11, 9])), 6))
  
      vegMap51 = vegMap51.updateMask(vegMap51.neq(0))

      image_in = image_in.where(vegMap51, vegMap51)

      var activacion = ee.Image(0)
                             .where(clase11.gt(55),
                             1).updateMask(region_raster)
    
      var  vegMap51 =     
                    image_in.select("classification_1985").where(activacion.eq(1).and(get_mask(1985, image_in, [19, 15, 6])), 11)
          .addBands(image_in.select("classification_1986").where(activacion.eq(1).and(get_mask(1986, image_in, [19, 15, 6])), 11))
          .addBands(image_in.select("classification_1987").where(activacion.eq(1).and(get_mask(1987, image_in, [19, 15, 6])), 11))
          .addBands(image_in.select("classification_1988").where(activacion.eq(1).and(get_mask(1988, image_in, [19, 15, 6])), 11))
          .addBands(image_in.select("classification_1989").where(activacion.eq(1).and(get_mask(1989, image_in, [19, 15, 6])), 11))
          .addBands(image_in.select("classification_1990").where(activacion.eq(1).and(get_mask(1990, image_in, [19, 15, 6])), 11))
          .addBands(image_in.select("classification_1991").where(activacion.eq(1).and(get_mask(1991, image_in, [19, 15, 6])), 11))
          .addBands(image_in.select("classification_1992").where(activacion.eq(1).and(get_mask(1992, image_in, [19, 15, 6])), 11))
          .addBands(image_in.select("classification_1993").where(activacion.eq(1).and(get_mask(1993, image_in, [19, 15, 6])), 11))
          .addBands(image_in.select("classification_1994").where(activacion.eq(1).and(get_mask(1994, image_in, [19, 15, 6])), 11))
          .addBands(image_in.select("classification_1995").where(activacion.eq(1).and(get_mask(1995, image_in, [19, 15, 6])), 11))
          .addBands(image_in.select("classification_1996").where(activacion.eq(1).and(get_mask(1996, image_in, [19, 15, 6])), 11))
          .addBands(image_in.select("classification_1997").where(activacion.eq(1).and(get_mask(1997, image_in, [19, 15, 6])), 11))
          .addBands(image_in.select("classification_1998").where(activacion.eq(1).and(get_mask(1998, image_in, [19, 15, 6])), 11))
          .addBands(image_in.select("classification_1999").where(activacion.eq(1).and(get_mask(1999, image_in, [19, 15, 6])), 11))
          
          .addBands(image_in.select("classification_2000").where(activacion.eq(1).and(get_mask(2000, image_in, [19, 15, 6])), 11))
          .addBands(image_in.select("classification_2001").where(activacion.eq(1).and(get_mask(2001, image_in, [19, 15, 6])), 11))
          .addBands(image_in.select("classification_2002").where(activacion.eq(1).and(get_mask(2002, image_in, [19, 15, 6])), 11))
          .addBands(image_in.select("classification_2003").where(activacion.eq(1).and(get_mask(2003, image_in, [19, 15, 6])), 11))
          .addBands(image_in.select("classification_2004").where(activacion.eq(1).and(get_mask(2004, image_in, [19, 15, 6])), 11))
          .addBands(image_in.select("classification_2005").where(activacion.eq(1).and(get_mask(2005, image_in, [19, 15, 6])), 11))
          .addBands(image_in.select("classification_2006").where(activacion.eq(1).and(get_mask(2006, image_in, [19, 15, 6])), 11))
          .addBands(image_in.select("classification_2007").where(activacion.eq(1).and(get_mask(2007, image_in, [19, 15, 6])), 11))
          .addBands(image_in.select("classification_2008").where(activacion.eq(1).and(get_mask(2008, image_in, [19, 15, 6])), 11))
          .addBands(image_in.select("classification_2009").where(activacion.eq(1).and(get_mask(2009, image_in, [19, 15, 6])), 11))
          .addBands(image_in.select("classification_2010").where(activacion.eq(1).and(get_mask(2010, image_in, [19, 15, 6])), 11))
          .addBands(image_in.select("classification_2011").where(activacion.eq(1).and(get_mask(2011, image_in, [19, 15, 6])), 11))
          .addBands(image_in.select("classification_2012").where(activacion.eq(1).and(get_mask(2012, image_in, [19, 15, 6])), 11))
          .addBands(image_in.select("classification_2013").where(activacion.eq(1).and(get_mask(2013, image_in, [19, 15, 6])), 11))
          .addBands(image_in.select("classification_2014").where(activacion.eq(1).and(get_mask(2014, image_in, [19, 15, 6])), 11))
          .addBands(image_in.select("classification_2015").where(activacion.eq(1).and(get_mask(2015, image_in, [19, 15, 6])), 11))
          .addBands(image_in.select("classification_2016").where(activacion.eq(1).and(get_mask(2016, image_in, [19, 15, 6])), 11))
          .addBands(image_in.select("classification_2017").where(activacion.eq(1).and(get_mask(2017, image_in, [19, 15, 6])), 11))
          .addBands(image_in.select("classification_2018").where(activacion.eq(1).and(get_mask(2018, image_in, [19, 15, 6])), 11))
          .addBands(image_in.select("classification_2019").where(activacion.eq(1).and(get_mask(2019, image_in, [19, 15, 6])), 11))
          .addBands(image_in.select("classification_2020").where(activacion.eq(1).and(get_mask(2020, image_in, [19, 15, 6])), 11))
          .addBands(image_in.select("classification_2021").where(activacion.eq(1).and(get_mask(2021, image_in, [19, 15, 6])), 11))
          .addBands(image_in.select("classification_2022").where(activacion.eq(1).and(get_mask(2022, image_in, [19, 15, 6])), 11))
          .addBands(image_in.select("classification_2023").where(activacion.eq(1).and(get_mask(2023, image_in, [19, 15, 6])), 11))
          .addBands(image_in.select("classification_2024").where(activacion.eq(1).and(get_mask(2024, image_in, [19, 15, 6])), 11))
  
      vegMap51 = vegMap51.updateMask(vegMap51.neq(0))

      image_in = image_in.where(vegMap51, vegMap51)


      Map.addLayer(image_in,vis1,'Filtro ' + nombre_filtro + ' z' + regiao, false)
      Map.addLayer(activacion,{min:0, max:1, palette: ["yellow","red"]},'Máscara ' + nombre_filtro + 'z ' + regiao, false)
    
  }


var image_out = image_in
   
//  image_out = image_out
//    .set('collection', col)
//    .set('version', versionOut)
//    .set('biome', bioma)
//  
//  //print(image_in)

image_out = image_out.set({
   "version": versionOut,
    "versionIn": versionIn,
    yearStart: year_inicio,
    yearEnd: year_fin,
    zona: regiao,
    type: "Frequency filter",
    project: "MapBiomas Chaco"
})
//  print(regiao, 'image out')

  img_desp = img_desp === null?img_desp=image_out:img_desp=ee.ImageCollection([img_desp,image_out]).min();
  Export.image.toAsset({
      'image': image_out,
      'description': versionOut + '-z' + regiao,
      'assetId': dir_filtros + versionOut + '-z' + regiao,
      'pyramidingPolicy': {
          '.default': 'mode'
      },
      'region': regioesCollection,
      'scale': 30,
      'maxPixels': 1e13
  });


}
//var img_antes = ee.Image(dir_filtros + versionIn )
//var img_dif = diferenca(img_antes.select('classification_'+ year),image_out.select('classification_'+ year),clase_dif)//.clip(limite)
//var img_dif = diferenca(img_antes, img_desp, clase_dif)//.clip(limite)
//Map.addLayer(img_dif, vischange,'Dif filtros clase  ' + String(clase_dif), false)
//Map.addLayer(img_antes, vis1,'Completo Filtros base')
Map.addLayer(img_desp, vis1,'Completo Filtros Final')

if (leyenda_ndvi == 1){
var utils = require("users/MapBiomasAR/coleccion-6:Utils/getlegend_Chaco_c6")
var ts_tools = require("users/MapBiomasAR/coleccion-4:Utils/time_series.js")
var panel = null;
var chk_refresh_plot_flag = null;
var get_panel_chart_ts = function(){
  
Map.onClick(function(point){
    var punto = ee.Geometry.Point([point["lon"], point["lat"]]);
    
    if(chk_refresh_plot_flag.getValue()){
      panel.remove(panel.widgets().get(1))
      panel.insert(1,ts_tools.get_time_serie_plot(punto));
      
    }
    
  });
  
  chk_refresh_plot_flag = ui.Checkbox("¿Actualizar serie?")
  
  var panel = ui.Panel({
    widgets: [chk_refresh_plot_flag],
    layout: ui.Panel.Layout.Flow('vertical')
  })
  return panel
}
panel = ui.Panel({
  widgets: [utils.get_legend("Clases MB Chaco"),
  get_panel_chart_ts()]
  
})
ui.root.add(panel)
}




//      var thr_proba = 0.5;
//      var msk_proba = prob_p95.gte(thr_proba);
//Map.addLayer(msk_proba, {min:0, max:1, palette: ["white","red"]},"P > " + thr_proba + ' ' + regiao, false)     